{
    "lgan_mmd-CD": 0.0029632418882101774,
    "lgan_cov-CD": 0.4554455578327179,
    "lgan_mmd_smp-CD": 0.0033150422386825085,
    "lgan_mmd-EMD": 0.023016702383756638,
    "lgan_cov-EMD": 0.4801980257034302,
    "lgan_mmd_smp-EMD": 0.024373503401875496,
    "1-NN-CD-acc_t": 0.9443069100379944,
    "1-NN-CD-acc_f": 0.5977723002433777,
    "1-NN-CD-acc": 0.771039605140686,
    "1-NN-EMD-acc_t": 0.8007425665855408,
    "1-NN-EMD-acc_f": 0.6423267126083374,
    "1-NN-EMD-acc": 0.7215346693992615,
    "JSD": 0.026937880319611196
}