{
    "lgan_mmd-CD": 0.0026710699312388897,
    "lgan_cov-CD": 0.4641089141368866,
    "lgan_mmd_smp-CD": 0.0031457203440368176,
    "lgan_mmd-EMD": 0.02185427024960518,
    "lgan_cov-EMD": 0.5408415794372559,
    "lgan_mmd_smp-EMD": 0.02273346111178398,
    "1-NN-CD-acc_t": 0.8168317079544067,
    "1-NN-CD-acc_f": 0.5408415794372559,
    "1-NN-CD-acc": 0.6788366436958313,
    "1-NN-EMD-acc_t": 0.6819307208061218,
    "1-NN-EMD-acc_f": 0.5321782231330872,
    "1-NN-EMD-acc": 0.6070544719696045,
    "JSD": 0.017356484808114914
}