{
    "lgan_mmd-CD": 0.20220549404621124,
    "lgan_cov-CD": 0.35611239075660706,
    "lgan_mmd_smp-CD": 0.09720601886510849,
    "lgan_mmd-EMD": 1.260801076889038,
    "lgan_cov-EMD": 0.2854973375797272,
    "lgan_mmd_smp-EMD": 0.6368178725242615,
    "1-NN-CD-acc_t": 0.7820804715156555,
    "1-NN-CD-acc_f": 0.7995443940162659,
    "1-NN-CD-acc": 0.7908124327659607,
    "1-NN-EMD-acc_t": 0.7813211679458618,
    "1-NN-EMD-acc_f": 0.8610478639602661,
    "1-NN-EMD-acc": 0.821184515953064,
    "CD-mean": 0.6612952947616577,
    "EMD-mean": 2.967806339263916,
    "JSD": 0.01852741619421394
}