{
    "lgan_mmd-CD": 0.12359049916267395,
    "lgan_cov-CD": 0.4123006761074066,
    "lgan_mmd_smp-CD": 0.08758017420768738,
    "lgan_mmd-EMD": 0.8445401787757874,
    "lgan_cov-EMD": 0.38116931915283203,
    "lgan_mmd_smp-EMD": 0.562484085559845,
    "1-NN-CD-acc_t": 0.7084282636642456,
    "1-NN-CD-acc_f": 0.6765375733375549,
    "1-NN-CD-acc": 0.6924828886985779,
    "1-NN-EMD-acc_t": 0.671222448348999,
    "1-NN-EMD-acc_f": 0.7570235133171082,
    "1-NN-EMD-acc": 0.714123010635376,
    "CD-mean": 0.3825116455554962,
    "EMD-mean": 2.106996536254883,
    "JSD": 0.010105493323555592
}