{
    "lgan_mmd-CD": 0.6008656024932861,
    "lgan_cov-CD": 0.186028853058815,
    "lgan_mmd_smp-CD": 0.13073430955410004,
    "lgan_mmd-EMD": 2.790849208831787,
    "lgan_cov-EMD": 0.1450265794992447,
    "lgan_mmd_smp-EMD": 0.8631634712219238,
    "1-NN-CD-acc_t": 0.8990129232406616,
    "1-NN-CD-acc_f": 0.9377372860908508,
    "1-NN-CD-acc": 0.9183750748634338,
    "1-NN-EMD-acc_t": 0.9073652029037476,
    "1-NN-EMD-acc_f": 0.97646164894104,
    "1-NN-EMD-acc": 0.9419134259223938,
    "CD-mean": 1.5486438274383545,
    "EMD-mean": 5.480276107788086,
    "JSD": 0.04441250830225485
}