{
    "lgan_mmd-CD": 0.3268883228302002,
    "lgan_cov-CD": 0.24297645688056946,
    "lgan_mmd_smp-CD": 0.12409867346286774,
    "lgan_mmd-EMD": 1.803066611289978,
    "lgan_cov-EMD": 0.20121487975120544,
    "lgan_mmd_smp-EMD": 0.8120265603065491,
    "1-NN-CD-acc_t": 0.9020501375198364,
    "1-NN-CD-acc_f": 0.9339407682418823,
    "1-NN-CD-acc": 0.9179954528808594,
    "1-NN-EMD-acc_t": 0.9202733635902405,
    "1-NN-EMD-acc_f": 0.958238422870636,
    "1-NN-EMD-acc": 0.9392558932304382,
    "CD-mean": 1.0432405471801758,
    "EMD-mean": 3.906791925430298,
    "JSD": 0.03250250802071264
}