{
    "lgan_mmd-CD": 0.002466475125402212,
    "lgan_cov-CD": 0.5507425665855408,
    "lgan_mmd_smp-CD": 0.0032103215344250202,
    "lgan_mmd-EMD": 0.020122716203331947,
    "lgan_cov-EMD": 0.5816831588745117,
    "lgan_mmd_smp-EMD": 0.022605713456869125,
    "1-NN-CD-acc_t": 0.7326732873916626,
    "1-NN-CD-acc_f": 0.5606435537338257,
    "1-NN-CD-acc": 0.6466584205627441,
    "1-NN-EMD-acc_t": 0.6324257254600525,
    "1-NN-EMD-acc_f": 0.5049505233764648,
    "1-NN-EMD-acc": 0.5686880946159363,
    "JSD": 0.010088580535114744
}