{
    "lgan_mmd-CD": 0.006014720071107149,
    "lgan_cov-CD": 0.1967821717262268,
    "lgan_mmd_smp-CD": 0.006420005578547716,
    "lgan_mmd-EMD": 0.029273631051182747,
    "lgan_cov-EMD": 0.19925741851329803,
    "lgan_mmd_smp-EMD": 0.04080174118280411,
    "1-NN-CD-acc_t": 1.0,
    "1-NN-CD-acc_f": 0.9368811845779419,
    "1-NN-CD-acc": 0.968440592288971,
    "1-NN-EMD-acc_t": 0.9938119053840637,
    "1-NN-EMD-acc_f": 0.9628713130950928,
    "1-NN-EMD-acc": 0.9783415794372559,
    "JSD": 0.14853169027833601
}