{
    "lgan_mmd-CD": 0.04964403063058853,
    "lgan_cov-CD": 0.2982954680919647,
    "lgan_mmd_smp-CD": 0.05777013674378395,
    "lgan_mmd-EMD": 0.5626282095909119,
    "lgan_cov-EMD": 0.20028409361839294,
    "lgan_mmd_smp-EMD": 0.46919840574264526,
    "1-NN-CD-acc_t": 0.9545454382896423,
    "1-NN-CD-acc_f": 0.9161931872367859,
    "1-NN-CD-acc": 0.9353693127632141,
    "1-NN-EMD-acc_t": 0.8991477489471436,
    "1-NN-EMD-acc_f": 0.9289772510528564,
    "1-NN-EMD-acc": 0.9140625,
    "CD-mean": 0.1754714846611023,
    "EMD-mean": 1.8895806074142456,
    "JSD": 0.02970283996293599
}