{
    "lgan_mmd-CD": 0.13424347341060638,
    "lgan_cov-CD": 0.12784090638160706,
    "lgan_mmd_smp-CD": 0.08001215755939484,
    "lgan_mmd-EMD": 1.6889983415603638,
    "lgan_cov-EMD": 0.0625,
    "lgan_mmd_smp-EMD": 0.7730265259742737,
    "1-NN-CD-acc_t": 0.9857954382896423,
    "1-NN-CD-acc_f": 0.9772727489471436,
    "1-NN-CD-acc": 0.9815340638160706,
    "1-NN-EMD-acc_t": 0.9744318127632141,
    "1-NN-EMD-acc_f": 0.9943181872367859,
    "1-NN-EMD-acc": 0.984375,
    "CD-mean": 0.4862237274646759,
    "EMD-mean": 3.5234375,
    "JSD": 0.07414493142970979
}