{
    "lgan_mmd-CD": 0.03915110602974892,
    "lgan_cov-CD": 0.3650568127632141,
    "lgan_mmd_smp-CD": 0.05166156217455864,
    "lgan_mmd-EMD": 0.37183430790901184,
    "lgan_cov-EMD": 0.3238636255264282,
    "lgan_mmd_smp-EMD": 0.3751269280910492,
    "1-NN-CD-acc_t": 0.890625,
    "1-NN-CD-acc_f": 0.8480113744735718,
    "1-NN-CD-acc": 0.8693181872367859,
    "1-NN-EMD-acc_t": 0.8025568127632141,
    "1-NN-EMD-acc_f": 0.8039772510528564,
    "1-NN-EMD-acc": 0.8032670617103577,
    "CD-mean": 0.12238483130931854,
    "EMD-mean": 1.3983317613601685,
    "JSD": 0.014911234308701893
}