{
    "lgan_mmd-CD": 0.07076365500688553,
    "lgan_cov-CD": 0.20454545319080353,
    "lgan_mmd_smp-CD": 0.05990506336092949,
    "lgan_mmd-EMD": 0.8554577231407166,
    "lgan_cov-EMD": 0.12357954680919647,
    "lgan_mmd_smp-EMD": 0.5355693697929382,
    "1-NN-CD-acc_t": 0.9644886255264282,
    "1-NN-CD-acc_f": 0.9545454382896423,
    "1-NN-CD-acc": 0.9595170617103577,
    "1-NN-EMD-acc_t": 0.9232954382896423,
    "1-NN-EMD-acc_f": 0.9559659361839294,
    "1-NN-EMD-acc": 0.9396306872367859,
    "CD-mean": 0.2531222403049469,
    "EMD-mean": 2.260589361190796,
    "JSD": 0.04336607616176469
}