{
    "lgan_mmd-CD": 0.14247825741767883,
    "lgan_cov-CD": 0.07528409361839294,
    "lgan_mmd_smp-CD": 0.086825430393219,
    "lgan_mmd-EMD": 1.3546239137649536,
    "lgan_cov-EMD": 0.0625,
    "lgan_mmd_smp-EMD": 0.8579692840576172,
    "1-NN-CD-acc_t": 0.9985795617103577,
    "1-NN-CD-acc_f": 0.9900568127632141,
    "1-NN-CD-acc": 0.9943181872367859,
    "1-NN-EMD-acc_t": 0.9857954382896423,
    "1-NN-EMD-acc_f": 0.9957386255264282,
    "1-NN-EMD-acc": 0.9907670617103577,
    "CD-mean": 0.3315217196941376,
    "EMD-mean": 2.624382257461548,
    "JSD": 0.05210634661910607
}