{
    "lgan_mmd-CD": 0.034359488636255264,
    "lgan_cov-CD": 0.48721590638160706,
    "lgan_mmd_smp-CD": 0.04574441909790039,
    "lgan_mmd-EMD": 0.295820951461792,
    "lgan_cov-EMD": 0.46590909361839294,
    "lgan_mmd_smp-EMD": 0.3205384314060211,
    "1-NN-CD-acc_t": 0.8465909361839294,
    "1-NN-CD-acc_f": 0.6761363744735718,
    "1-NN-CD-acc": 0.7613636255264282,
    "1-NN-EMD-acc_t": 0.7301136255264282,
    "1-NN-EMD-acc_f": 0.6207386255264282,
    "1-NN-EMD-acc": 0.6754261255264282,
    "CD-mean": 0.10218867659568787,
    "EMD-mean": 1.3024083375930786,
    "JSD": 0.007253014142619918
}