{
    "lgan_mmd-CD": 0.059212151914834976,
    "lgan_cov-CD": 0.25710228085517883,
    "lgan_mmd_smp-CD": 0.058735981583595276,
    "lgan_mmd-EMD": 0.7013830542564392,
    "lgan_cov-EMD": 0.18892045319080353,
    "lgan_mmd_smp-EMD": 0.521689772605896,
    "1-NN-CD-acc_t": 0.96875,
    "1-NN-CD-acc_f": 0.9375,
    "1-NN-CD-acc": 0.953125,
    "1-NN-EMD-acc_t": 0.921875,
    "1-NN-EMD-acc_f": 0.953125,
    "1-NN-EMD-acc": 0.9375,
    "CD-mean": 0.2293185293674469,
    "EMD-mean": 2.191028594970703,
    "JSD": 0.04511104224679752
}