{
    "lgan_mmd-CD": 0.17649732530117035,
    "lgan_cov-CD": 0.09801136702299118,
    "lgan_mmd_smp-CD": 0.08887458592653275,
    "lgan_mmd-EMD": 1.9653693437576294,
    "lgan_cov-EMD": 0.05823863670229912,
    "lgan_mmd_smp-EMD": 0.9364461898803711,
    "1-NN-CD-acc_t": 0.9914772510528564,
    "1-NN-CD-acc_f": 0.9857954382896423,
    "1-NN-CD-acc": 0.9886363744735718,
    "1-NN-EMD-acc_t": 0.9715909361839294,
    "1-NN-EMD-acc_f": 0.9914772510528564,
    "1-NN-EMD-acc": 0.9815340638160706,
    "CD-mean": 0.5768147110939026,
    "EMD-mean": 3.962100028991699,
    "JSD": 0.0760039930291958
}