{
    "lgan_mmd-CD": 0.04851297289133072,
    "lgan_cov-CD": 0.4641089141368866,
    "lgan_mmd_smp-CD": 0.06041834130883217,
    "lgan_mmd-EMD": 0.5037113428115845,
    "lgan_cov-EMD": 0.4467821717262268,
    "lgan_mmd_smp-EMD": 0.5784425735473633,
    "1-NN-CD-acc_t": 0.9133663177490234,
    "1-NN-CD-acc_f": 0.7128713130950928,
    "1-NN-CD-acc": 0.8131188154220581,
    "1-NN-EMD-acc_t": 0.8490098714828491,
    "1-NN-EMD-acc_f": 0.7933168411254883,
    "1-NN-EMD-acc": 0.8211633563041687,
    "JSD": 0.045046508684334796
}