{
    "lgan_mmd-CD": 0.08306979387998581,
    "lgan_cov-CD": 0.13118812441825867,
    "lgan_mmd_smp-CD": 0.16575732827186584,
    "lgan_mmd-EMD": 0.7008321285247803,
    "lgan_cov-EMD": 0.08292078971862793,
    "lgan_mmd_smp-EMD": 1.942694067955017,
    "1-NN-CD-acc_t": 1.0,
    "1-NN-CD-acc_f": 0.9616336822509766,
    "1-NN-CD-acc": 0.9808168411254883,
    "1-NN-EMD-acc_t": 1.0,
    "1-NN-EMD-acc_f": 0.9863861203193665,
    "1-NN-EMD-acc": 0.9931930899620056,
    "JSD": 0.14623876634591326
}