{
    "lgan_mmd-CD": 0.3609761595726013,
    "lgan_cov-CD": 0.022727273404598236,
    "lgan_mmd_smp-CD": 0.5333273410797119,
    "lgan_mmd-EMD": 1.2896122932434082,
    "lgan_cov-EMD": 0.049715910106897354,
    "lgan_mmd_smp-EMD": 2.144169569015503,
    "1-NN-CD-acc_t": 1.0,
    "1-NN-CD-acc_f": 0.9957386255264282,
    "1-NN-CD-acc": 0.9978693127632141,
    "1-NN-EMD-acc_t": 1.0,
    "1-NN-EMD-acc_f": 1.0,
    "1-NN-EMD-acc": 1.0,
    "CD-mean": 0.6035341620445251,
    "EMD-mean": 2.313068151473999,
    "JSD": 0.19643013804115128
}