{
    "lgan_mmd-CD": 0.030410246923565865,
    "lgan_cov-CD": 0.53125,
    "lgan_mmd_smp-CD": 0.04542923346161842,
    "lgan_mmd-EMD": 0.2622125446796417,
    "lgan_cov-EMD": 0.5269886255264282,
    "lgan_mmd_smp-EMD": 0.31331244111061096,
    "1-NN-CD-acc_t": 0.8821022510528564,
    "1-NN-CD-acc_f": 0.5454545617103577,
    "1-NN-CD-acc": 0.7137784361839294,
    "1-NN-EMD-acc_t": 0.7897727489471436,
    "1-NN-EMD-acc_f": 0.5838068127632141,
    "1-NN-EMD-acc": 0.6867897510528564,
    "CD-mean": 0.08715785294771194,
    "EMD-mean": 1.1183803081512451,
    "JSD": 0.007540662725045166
}