{
    "lgan_mmd-CD": 0.039037641137838364,
    "lgan_cov-CD": 0.4161931872367859,
    "lgan_mmd_smp-CD": 0.04840492829680443,
    "lgan_mmd-EMD": 0.3394691050052643,
    "lgan_cov-EMD": 0.4332386255264282,
    "lgan_mmd_smp-EMD": 0.3450016677379608,
    "1-NN-CD-acc_t": 0.9261363744735718,
    "1-NN-CD-acc_f": 0.7769886255264282,
    "1-NN-CD-acc": 0.8515625,
    "1-NN-EMD-acc_t": 0.7926136255264282,
    "1-NN-EMD-acc_f": 0.75,
    "1-NN-EMD-acc": 0.7713068127632141,
    "CD-mean": 0.10756096988916397,
    "EMD-mean": 1.4018629789352417,
    "JSD": 0.011839606089756316
}