{
    "lgan_mmd-CD": 0.12212324887514114,
    "lgan_cov-CD": 0.08380682021379471,
    "lgan_mmd_smp-CD": 0.11192527413368225,
    "lgan_mmd-EMD": 0.797334611415863,
    "lgan_cov-EMD": 0.2642045319080353,
    "lgan_mmd_smp-EMD": 0.5151950716972351,
    "1-NN-CD-acc_t": 1.0,
    "1-NN-CD-acc_f": 0.9900568127632141,
    "1-NN-CD-acc": 0.9950284361839294,
    "1-NN-EMD-acc_t": 0.9090909361839294,
    "1-NN-EMD-acc_f": 0.9758522510528564,
    "1-NN-EMD-acc": 0.9424715638160706,
    "CD-mean": 0.3274635076522827,
    "EMD-mean": 2.8801510334014893,
    "JSD": 0.04247023513185688
}