{
    "lgan_mmd-CD": 0.7264491319656372,
    "lgan_cov-CD": 0.0014204545877873898,
    "lgan_mmd_smp-CD": 0.6600005030632019,
    "lgan_mmd-EMD": 1.5417582988739014,
    "lgan_cov-EMD": 0.07528409361839294,
    "lgan_mmd_smp-EMD": 1.9451375007629395,
    "1-NN-CD-acc_t": 1.0,
    "1-NN-CD-acc_f": 0.9985795617103577,
    "1-NN-CD-acc": 0.9992897510528564,
    "1-NN-EMD-acc_t": 1.0,
    "1-NN-EMD-acc_f": 1.0,
    "1-NN-EMD-acc": 1.0,
    "CD-mean": 1.0306795835494995,
    "EMD-mean": 2.7213385105133057,
    "JSD": 0.09942927850778815
}