{
    "lgan_mmd-CD": 0.034299906343221664,
    "lgan_cov-CD": 0.4701704680919647,
    "lgan_mmd_smp-CD": 0.045896016061306,
    "lgan_mmd-EMD": 0.290977418422699,
    "lgan_cov-EMD": 0.4786931872367859,
    "lgan_mmd_smp-EMD": 0.3217214047908783,
    "1-NN-CD-acc_t": 0.8764204382896423,
    "1-NN-CD-acc_f": 0.6690340638160706,
    "1-NN-CD-acc": 0.7727272510528564,
    "1-NN-EMD-acc_t": 0.7599431872367859,
    "1-NN-EMD-acc_f": 0.6491477489471436,
    "1-NN-EMD-acc": 0.7045454382896423,
    "CD-mean": 0.09464859962463379,
    "EMD-mean": 1.197205662727356,
    "JSD": 0.007762597007289429
}