{
    "lgan_mmd-CD": 0.06377560645341873,
    "lgan_cov-CD": 0.234375,
    "lgan_mmd_smp-CD": 0.06393200904130936,
    "lgan_mmd-EMD": 0.48458048701286316,
    "lgan_cov-EMD": 0.36789771914482117,
    "lgan_mmd_smp-EMD": 0.38082262873649597,
    "1-NN-CD-acc_t": 0.9971590638160706,
    "1-NN-CD-acc_f": 0.9744318127632141,
    "1-NN-CD-acc": 0.9857954382896423,
    "1-NN-EMD-acc_t": 0.7883522510528564,
    "1-NN-EMD-acc_f": 0.8622159361839294,
    "1-NN-EMD-acc": 0.8252840638160706,
    "CD-mean": 0.170936718583107,
    "EMD-mean": 1.8102771043777466,
    "JSD": 0.023265178194886715
}