{
    "lgan_mmd-CD": 0.5327837467193604,
    "lgan_cov-CD": 0.028409091755747795,
    "lgan_mmd_smp-CD": 0.580290675163269,
    "lgan_mmd-EMD": 1.4836570024490356,
    "lgan_cov-EMD": 0.14772726595401764,
    "lgan_mmd_smp-EMD": 1.3860987424850464,
    "1-NN-CD-acc_t": 1.0,
    "1-NN-CD-acc_f": 0.9985795617103577,
    "1-NN-CD-acc": 0.9992897510528564,
    "1-NN-EMD-acc_t": 1.0,
    "1-NN-EMD-acc_f": 0.9985795617103577,
    "1-NN-EMD-acc": 0.9992897510528564,
    "CD-mean": 0.8163930773735046,
    "EMD-mean": 2.989126443862915,
    "JSD": 0.09872567332014626
}