{
    "lgan_mmd-CD": 0.03237884119153023,
    "lgan_cov-CD": 0.515625,
    "lgan_mmd_smp-CD": 0.04577694833278656,
    "lgan_mmd-EMD": 0.27394425868988037,
    "lgan_cov-EMD": 0.5,
    "lgan_mmd_smp-EMD": 0.31350448727607727,
    "1-NN-CD-acc_t": 0.8948863744735718,
    "1-NN-CD-acc_f": 0.6164772510528564,
    "1-NN-CD-acc": 0.7556818127632141,
    "1-NN-EMD-acc_t": 0.7940340638160706,
    "1-NN-EMD-acc_f": 0.5852272510528564,
    "1-NN-EMD-acc": 0.6896306872367859,
    "CD-mean": 0.08801083266735077,
    "EMD-mean": 1.1344919204711914,
    "JSD": 0.007462699792704086
}