{
    "lgan_mmd-CD": 0.04897967725992203,
    "lgan_cov-CD": 0.3338068127632141,
    "lgan_mmd_smp-CD": 0.05221451818943024,
    "lgan_mmd-EMD": 0.4220757782459259,
    "lgan_cov-EMD": 0.3892045319080353,
    "lgan_mmd_smp-EMD": 0.3631817102432251,
    "1-NN-CD-acc_t": 0.9502840638160706,
    "1-NN-CD-acc_f": 0.8877840638160706,
    "1-NN-CD-acc": 0.9190340638160706,
    "1-NN-EMD-acc_t": 0.765625,
    "1-NN-EMD-acc_f": 0.7954545617103577,
    "1-NN-EMD-acc": 0.7805397510528564,
    "CD-mean": 0.16305091977119446,
    "EMD-mean": 1.802247166633606,
    "JSD": 0.02013063188986486
}