{
    "lgan_mmd-CD": 0.26419052481651306,
    "lgan_cov-CD": 0.05255681648850441,
    "lgan_mmd_smp-CD": 0.27501747012138367,
    "lgan_mmd-EMD": 1.1866118907928467,
    "lgan_cov-EMD": 0.20454545319080353,
    "lgan_mmd_smp-EMD": 0.81045001745224,
    "1-NN-CD-acc_t": 1.0,
    "1-NN-CD-acc_f": 0.9971590638160706,
    "1-NN-CD-acc": 0.9985795617103577,
    "1-NN-EMD-acc_t": 0.9914772510528564,
    "1-NN-EMD-acc_f": 0.9943181872367859,
    "1-NN-EMD-acc": 0.9928977489471436,
    "CD-mean": 0.5876411199569702,
    "EMD-mean": 3.945234775543213,
    "JSD": 0.06995660417714333
}