{
    "lgan_mmd-CD": 0.21607083082199097,
    "lgan_cov-CD": 0.10891088843345642,
    "lgan_mmd_smp-CD": 0.2795930504798889,
    "lgan_mmd-EMD": 0.8424532413482666,
    "lgan_cov-EMD": 0.1423267275094986,
    "lgan_mmd_smp-EMD": 1.8522495031356812,
    "1-NN-CD-acc_t": 1.0,
    "1-NN-CD-acc_f": 0.9975247383117676,
    "1-NN-CD-acc": 0.9987623691558838,
    "1-NN-EMD-acc_t": 1.0,
    "1-NN-EMD-acc_f": 0.9950494766235352,
    "1-NN-EMD-acc": 0.9975247383117676,
    "CD-mean": 0.5156423449516296,
    "EMD-mean": 2.7020270824432373,
    "JSD": 0.18656854027040382
}