{
    "lgan_mmd-CD": 0.38792911171913147,
    "lgan_cov-CD": 0.01608910970389843,
    "lgan_mmd_smp-CD": 0.23641347885131836,
    "lgan_mmd-EMD": 1.4822533130645752,
    "lgan_cov-EMD": 0.07549504935741425,
    "lgan_mmd_smp-EMD": 1.7473816871643066,
    "1-NN-CD-acc_t": 0.9975247383117676,
    "1-NN-CD-acc_f": 0.9987623691558838,
    "1-NN-CD-acc": 0.9981435537338257,
    "1-NN-EMD-acc_t": 0.9950494766235352,
    "1-NN-EMD-acc_f": 0.9987623691558838,
    "1-NN-EMD-acc": 0.9969059228897095,
    "CD-mean": 0.8732697367668152,
    "EMD-mean": 3.6500840187072754,
    "JSD": 0.20791593995825686
}