{
    "lgan_mmd-CD": 0.022434286773204803,
    "lgan_cov-CD": 0.07054455578327179,
    "lgan_mmd_smp-CD": 0.009808694943785667,
    "lgan_mmd-EMD": 0.07313661277294159,
    "lgan_cov-EMD": 0.0891089141368866,
    "lgan_mmd_smp-EMD": 0.05338979512453079,
    "1-NN-CD-acc_t": 1.0,
    "1-NN-CD-acc_f": 0.9925742745399475,
    "1-NN-CD-acc": 0.9962871074676514,
    "1-NN-EMD-acc_t": 0.9777227640151978,
    "1-NN-EMD-acc_f": 0.9888613820075989,
    "1-NN-EMD-acc": 0.9832921028137207,
    "CD-mean": 0.06020335480570793,
    "EMD-mean": 0.17692546546459198,
    "JSD": 0.4019041245969923
}