{
    "lgan_mmd-CD": 0.027278535068035126,
    "lgan_cov-CD": 0.023514851927757263,
    "lgan_mmd_smp-CD": 0.021658066660165787,
    "lgan_mmd-EMD": 0.07585422694683075,
    "lgan_cov-EMD": 0.03836633637547493,
    "lgan_mmd_smp-EMD": 0.10156771540641785,
    "1-NN-CD-acc_t": 1.0,
    "1-NN-CD-acc_f": 0.9975247383117676,
    "1-NN-CD-acc": 0.9987623691558838,
    "1-NN-EMD-acc_t": 0.9962871074676514,
    "1-NN-EMD-acc_f": 0.9975247383117676,
    "1-NN-EMD-acc": 0.9969059228897095,
    "CD-mean": 0.07711450755596161,
    "EMD-mean": 0.21735692024230957,
    "JSD": 0.5268227642072176
}