{
    "lgan_mmd-CD": 0.011634018272161484,
    "lgan_cov-CD": 0.125,
    "lgan_mmd_smp-CD": 0.006276366766542196,
    "lgan_mmd-EMD": 0.04614769294857979,
    "lgan_cov-EMD": 0.16707921028137207,
    "lgan_mmd_smp-EMD": 0.038341887295246124,
    "1-NN-CD-acc_t": 0.9814356565475464,
    "1-NN-CD-acc_f": 0.9579207897186279,
    "1-NN-CD-acc": 0.9696782231330872,
    "1-NN-EMD-acc_t": 0.9207921028137207,
    "1-NN-EMD-acc_f": 0.9554455280303955,
    "1-NN-EMD-acc": 0.9381188154220581,
    "CD-mean": 0.04094593971967697,
    "EMD-mean": 0.1487244963645935,
    "JSD": 0.24860815382107404
}