{
    "lgan_mmd-CD": 0.021143821999430656,
    "lgan_cov-CD": 0.02846534736454487,
    "lgan_mmd_smp-CD": 0.016487542539834976,
    "lgan_mmd-EMD": 0.06632149964570999,
    "lgan_cov-EMD": 0.043316829949617386,
    "lgan_mmd_smp-EMD": 0.07278650254011154,
    "1-NN-CD-acc_t": 0.9987623691558838,
    "1-NN-CD-acc_f": 0.9987623691558838,
    "1-NN-CD-acc": 0.9987623691558838,
    "1-NN-EMD-acc_t": 0.9975247383117676,
    "1-NN-EMD-acc_f": 0.9975247383117676,
    "1-NN-EMD-acc": 0.9975247383117676,
    "CD-mean": 0.07370782643556595,
    "EMD-mean": 0.22414742410182953,
    "JSD": 0.5187726626765112
}