{
    "lgan_mmd-CD": 0.0063840411603450775,
    "lgan_cov-CD": 0.19430692493915558,
    "lgan_mmd_smp-CD": 0.0048074303194880486,
    "lgan_mmd-EMD": 0.034608423709869385,
    "lgan_cov-EMD": 0.21658416092395782,
    "lgan_mmd_smp-EMD": 0.03246992826461792,
    "1-NN-CD-acc_t": 0.9393564462661743,
    "1-NN-CD-acc_f": 0.9022276997566223,
    "1-NN-CD-acc": 0.9207921028137207,
    "1-NN-EMD-acc_t": 0.8638613820075989,
    "1-NN-EMD-acc_f": 0.8799505233764648,
    "1-NN-EMD-acc": 0.8719059228897095,
    "CD-mean": 0.03527320176362991,
    "EMD-mean": 0.14525911211967468,
    "JSD": 0.15472427433654268
}