{
    "lgan_mmd-CD": 0.020187748596072197,
    "lgan_cov-CD": 0.07549504935741425,
    "lgan_mmd_smp-CD": 0.010142526589334011,
    "lgan_mmd-EMD": 0.06428015977144241,
    "lgan_cov-EMD": 0.08539603650569916,
    "lgan_mmd_smp-EMD": 0.05516580119729042,
    "1-NN-CD-acc_t": 1.0,
    "1-NN-CD-acc_f": 0.9938119053840637,
    "1-NN-CD-acc": 0.9969059228897095,
    "1-NN-EMD-acc_t": 0.9888613820075989,
    "1-NN-EMD-acc_f": 0.9876237511634827,
    "1-NN-EMD-acc": 0.9882425665855408,
    "CD-mean": 0.06096995994448662,
    "EMD-mean": 0.19258329272270203,
    "JSD": 0.4130816333222338
}