{
    "lgan_mmd-CD": 0.023198384791612625,
    "lgan_cov-CD": 0.04403948411345482,
    "lgan_mmd_smp-CD": 0.031576648354530334,
    "lgan_mmd-EMD": 0.12258294969797134,
    "lgan_cov-EMD": 0.005315110087394714,
    "lgan_mmd_smp-EMD": 0.230663001537323,
    "1-NN-CD-acc_t": 1.0,
    "1-NN-CD-acc_f": 0.9939255714416504,
    "1-NN-CD-acc": 0.9969627857208252,
    "1-NN-EMD-acc_t": 1.0,
    "1-NN-EMD-acc_f": 1.0,
    "1-NN-EMD-acc": 1.0,
    "CD-mean": 0.06947656720876694,
    "EMD-mean": 0.2711322009563446,
    "JSD": 0.7136334495019927
}