{
    "lgan_mmd-CD": 0.0057937451638281345,
    "lgan_cov-CD": 0.553530752658844,
    "lgan_mmd_smp-CD": 0.0065299165435135365,
    "lgan_mmd-EMD": 0.032693687826395035,
    "lgan_cov-EMD": 0.5520121455192566,
    "lgan_mmd_smp-EMD": 0.034592337906360626,
    "1-NN-CD-acc_t": 0.6142748594284058,
    "1-NN-CD-acc_f": 0.45406225323677063,
    "1-NN-CD-acc": 0.534168541431427,
    "1-NN-EMD-acc_t": 0.545937716960907,
    "1-NN-EMD-acc_f": 0.5208808183670044,
    "1-NN-EMD-acc": 0.5334092378616333,
    "CD-mean": 0.014874388463795185,
    "EMD-mean": 0.06708784401416779,
    "JSD": 0.003957056304786377
}