{
    "lgan_mmd-CD": 0.006232990883290768,
    "lgan_cov-CD": 0.46241459250450134,
    "lgan_mmd_smp-CD": 0.0069931186735630035,
    "lgan_mmd-EMD": 0.03274989873170853,
    "lgan_cov-EMD": 0.46013668179512024,
    "lgan_mmd_smp-EMD": 0.03673497214913368,
    "1-NN-CD-acc_t": 0.9392558932304382,
    "1-NN-CD-acc_f": 0.6051632761955261,
    "1-NN-CD-acc": 0.7722095847129822,
    "1-NN-EMD-acc_t": 0.7706909775733948,
    "1-NN-EMD-acc_f": 0.6408504247665405,
    "1-NN-EMD-acc": 0.7057706713676453,
    "CD-mean": 0.015011021867394447,
    "EMD-mean": 0.07189492136240005,
    "JSD": 0.018293665536594617
}