{
    "lgan_mmd-CD": 0.024176694452762604,
    "lgan_cov-CD": 0.08580106496810913,
    "lgan_mmd_smp-CD": 0.018440909683704376,
    "lgan_mmd-EMD": 0.08673025667667389,
    "lgan_cov-EMD": 0.0356871671974659,
    "lgan_mmd_smp-EMD": 0.1053977981209755,
    "1-NN-CD-acc_t": 1.0,
    "1-NN-CD-acc_f": 0.984054684638977,
    "1-NN-CD-acc": 0.9920273423194885,
    "1-NN-EMD-acc_t": 0.9992406964302063,
    "1-NN-EMD-acc_f": 0.9977220892906189,
    "1-NN-EMD-acc": 0.9984813928604126,
    "CD-mean": 0.06793303042650223,
    "EMD-mean": 0.21325920522212982,
    "JSD": 0.473349031245597
}