{
    "lgan_mmd-CD": 0.00581879448145628,
    "lgan_cov-CD": 0.561123788356781,
    "lgan_mmd_smp-CD": 0.006468971259891987,
    "lgan_mmd-EMD": 0.03298766911029816,
    "lgan_cov-EMD": 0.5603644847869873,
    "lgan_mmd_smp-EMD": 0.03464780002832413,
    "1-NN-CD-acc_t": 0.6416097283363342,
    "1-NN-CD-acc_f": 0.45709946751594543,
    "1-NN-CD-acc": 0.549354612827301,
    "1-NN-EMD-acc_t": 0.5725132822990417,
    "1-NN-EMD-acc_f": 0.5003796219825745,
    "1-NN-EMD-acc": 0.5364464521408081,
    "CD-mean": 0.015005594119429588,
    "EMD-mean": 0.06725477427244186,
    "JSD": 0.003929197896155756
}