{
    "lgan_mmd-CD": 0.005867966916412115,
    "lgan_cov-CD": 0.5254365801811218,
    "lgan_mmd_smp-CD": 0.006515377666801214,
    "lgan_mmd-EMD": 0.0323139950633049,
    "lgan_cov-EMD": 0.5307517051696777,
    "lgan_mmd_smp-EMD": 0.034701764583587646,
    "1-NN-CD-acc_t": 0.7706909775733948,
    "1-NN-CD-acc_f": 0.46848899126052856,
    "1-NN-CD-acc": 0.6195899844169617,
    "1-NN-EMD-acc_t": 0.5937737226486206,
    "1-NN-EMD-acc_f": 0.5163249969482422,
    "1-NN-EMD-acc": 0.5550493597984314,
    "CD-mean": 0.01438218355178833,
    "EMD-mean": 0.06678859144449234,
    "JSD": 0.006766240309081795
}