{
    "lgan_mmd-CD": 0.009417405351996422,
    "lgan_cov-CD": 0.264996200799942,
    "lgan_mmd_smp-CD": 0.01105034165084362,
    "lgan_mmd-EMD": 0.047901805490255356,
    "lgan_cov-EMD": 0.1473044753074646,
    "lgan_mmd_smp-EMD": 0.059816665947437286,
    "1-NN-CD-acc_t": 1.0,
    "1-NN-CD-acc_f": 0.8997722268104553,
    "1-NN-CD-acc": 0.9498860836029053,
    "1-NN-EMD-acc_t": 0.992406964302063,
    "1-NN-EMD-acc_f": 0.9673500657081604,
    "1-NN-EMD-acc": 0.9798784852027893,
    "CD-mean": 0.023904088884592056,
    "EMD-mean": 0.12121936678886414,
    "JSD": 0.15238690324101256
}