{
    "lgan_mmd-CD": 0.005798736587166786,
    "lgan_cov-CD": 0.5618830919265747,
    "lgan_mmd_smp-CD": 0.006518260575830936,
    "lgan_mmd-EMD": 0.03266533836722374,
    "lgan_cov-EMD": 0.5527714490890503,
    "lgan_mmd_smp-EMD": 0.03429407626390457,
    "1-NN-CD-acc_t": 0.6423690319061279,
    "1-NN-CD-acc_f": 0.46545177698135376,
    "1-NN-CD-acc": 0.5539103746414185,
    "1-NN-EMD-acc_t": 0.5565679669380188,
    "1-NN-EMD-acc_f": 0.48823082447052,
    "1-NN-EMD-acc": 0.522399365901947,
    "CD-mean": 0.015439377166330814,
    "EMD-mean": 0.06745947897434235,
    "JSD": 0.004154782479249164
}