{
    "lgan_mmd-CD": 0.005651261191815138,
    "lgan_cov-CD": 0.5588458776473999,
    "lgan_mmd_smp-CD": 0.006466174032539129,
    "lgan_mmd-EMD": 0.032135795801877975,
    "lgan_cov-EMD": 0.561123788356781,
    "lgan_mmd_smp-EMD": 0.03442849591374397,
    "1-NN-CD-acc_t": 0.6537585258483887,
    "1-NN-CD-acc_f": 0.43128320574760437,
    "1-NN-CD-acc": 0.5425208806991577,
    "1-NN-EMD-acc_t": 0.5763098001480103,
    "1-NN-EMD-acc_f": 0.4798785150051117,
    "1-NN-EMD-acc": 0.5280941724777222,
    "CD-mean": 0.01451563835144043,
    "EMD-mean": 0.0656675472855568,
    "JSD": 0.004031802590592548
}