{
    "lgan_mmd-CD": 0.007015514187514782,
    "lgan_cov-CD": 0.39179953932762146,
    "lgan_mmd_smp-CD": 0.00799346249550581,
    "lgan_mmd-EMD": 0.03609006479382515,
    "lgan_cov-EMD": 0.3371298313140869,
    "lgan_mmd_smp-EMD": 0.041905686259269714,
    "1-NN-CD-acc_t": 0.9969627857208252,
    "1-NN-CD-acc_f": 0.7433561086654663,
    "1-NN-CD-acc": 0.8701594471931458,
    "1-NN-EMD-acc_t": 0.9104024171829224,
    "1-NN-EMD-acc_f": 0.8003036975860596,
    "1-NN-EMD-acc": 0.855353057384491,
    "CD-mean": 0.016867676749825478,
    "EMD-mean": 0.08323967456817627,
    "JSD": 0.05127022077865995
}