{
    "lgan_mmd-CD": 0.047681890428066254,
    "lgan_cov-CD": 0.4628712832927704,
    "lgan_mmd_smp-CD": 0.060541633516550064,
    "lgan_mmd-EMD": 0.5102812051773071,
    "lgan_cov-EMD": 0.46658414602279663,
    "lgan_mmd_smp-EMD": 0.5643191337585449,
    "1-NN-CD-acc_t": 0.9331682920455933,
    "1-NN-CD-acc_f": 0.7066831588745117,
    "1-NN-CD-acc": 0.8199257254600525,
    "1-NN-EMD-acc_t": 0.853960394859314,
    "1-NN-EMD-acc_f": 0.8094059228897095,
    "1-NN-EMD-acc": 0.8316831588745117,
    "CD-mean": 0.21720115840435028,
    "EMD-mean": 2.047335147857666,
    "JSD": 0.044369333569692415
}