{
    "lgan_mmd-CD": 0.005658701993525028,
    "lgan_cov-CD": 0.5550493597984314,
    "lgan_mmd_smp-CD": 0.006564137991517782,
    "lgan_mmd-EMD": 0.0320662260055542,
    "lgan_cov-EMD": 0.553530752658844,
    "lgan_mmd_smp-EMD": 0.03450792655348778,
    "1-NN-CD-acc_t": 0.709946870803833,
    "1-NN-CD-acc_f": 0.45406225323677063,
    "1-NN-CD-acc": 0.5820045471191406,
    "1-NN-EMD-acc_t": 0.5892179012298584,
    "1-NN-EMD-acc_f": 0.4836750328540802,
    "1-NN-EMD-acc": 0.5364464521408081,
    "CD-mean": 0.015033562667667866,
    "EMD-mean": 0.06812983006238937,
    "JSD": 0.006962009979952555
}