{
    "lgan_mmd-CD": 0.06423279643058777,
    "lgan_cov-CD": 0.5747911930084229,
    "lgan_mmd_smp-CD": 0.0728437528014183,
    "lgan_mmd-EMD": 0.46817511320114136,
    "lgan_cov-EMD": 0.5512528419494629,
    "lgan_mmd_smp-EMD": 0.48386457562446594,
    "1-NN-CD-acc_t": 0.6302201747894287,
    "1-NN-CD-acc_f": 0.4077448844909668,
    "1-NN-CD-acc": 0.5189825296401978,
    "1-NN-EMD-acc_t": 0.5634016990661621,
    "1-NN-EMD-acc_f": 0.5003796219825745,
    "1-NN-EMD-acc": 0.5318906903266907,
    "JSD": 0.0029410291121951815
}