{
    "lgan_mmd-CD": 0.0844634398818016,
    "lgan_cov-CD": 0.518750011920929,
    "lgan_mmd_smp-CD": 0.12964172661304474,
    "lgan_mmd-EMD": 0.5474098920822144,
    "lgan_cov-EMD": 0.39375001192092896,
    "lgan_mmd_smp-EMD": 1.1322345733642578,
    "1-NN-CD-acc_t": 0.9375,
    "1-NN-CD-acc_f": 0.53125,
    "1-NN-CD-acc": 0.734375,
    "1-NN-EMD-acc_t": 0.90625,
    "1-NN-EMD-acc_f": 0.6937500238418579,
    "1-NN-EMD-acc": 0.800000011920929,
    "JSD": 0.04867768756675339
}