{
    "lgan_mmd-CD": 0.061506591737270355,
    "lgan_cov-CD": 0.4517843723297119,
    "lgan_mmd_smp-CD": 0.10328605026006699,
    "lgan_mmd-EMD": 0.44174984097480774,
    "lgan_cov-EMD": 0.2999240756034851,
    "lgan_mmd_smp-EMD": 1.0958306789398193,
    "1-NN-CD-acc_t": 0.8944571018218994,
    "1-NN-CD-acc_f": 0.6309794783592224,
    "1-NN-CD-acc": 0.7627183198928833,
    "1-NN-EMD-acc_t": 0.9157175421714783,
    "1-NN-EMD-acc_f": 0.8033409118652344,
    "1-NN-EMD-acc": 0.8595292568206787,
    "JSD": 0.015253316957151597
}