{
    "lgan_mmd-CD": 0.0053483243100345135,
    "lgan_cov-CD": 0.5649202466011047,
    "lgan_mmd_smp-CD": 0.006463801953941584,
    "lgan_mmd-EMD": 0.031253568828105927,
    "lgan_cov-EMD": 0.5618830919265747,
    "lgan_mmd_smp-EMD": 0.03408859670162201,
    "1-NN-CD-acc_t": 0.6499620079994202,
    "1-NN-CD-acc_f": 0.4115413725376129,
    "1-NN-CD-acc": 0.5307517051696777,
    "1-NN-EMD-acc_t": 0.5930144190788269,
    "1-NN-EMD-acc_f": 0.4760819971561432,
    "1-NN-EMD-acc": 0.5345482230186462,
    "JSD": 0.0029410291121951815
}