{
    "lgan_mmd-CD": 0.008297326043248177,
    "lgan_cov-CD": 0.5375000238418579,
    "lgan_mmd_smp-CD": 0.009163297712802887,
    "lgan_mmd-EMD": 0.04425780102610588,
    "lgan_cov-EMD": 0.5,
    "lgan_mmd_smp-EMD": 0.047443781048059464,
    "1-NN-CD-acc_t": 0.8374999761581421,
    "1-NN-CD-acc_f": 0.375,
    "1-NN-CD-acc": 0.606249988079071,
    "1-NN-EMD-acc_t": 0.7437499761581421,
    "1-NN-EMD-acc_f": 0.4937500059604645,
    "1-NN-EMD-acc": 0.6187499761581421,
    "JSD": 0.04867768756675339
}