{
    "lgan_mmd-CD": 0.005770683288574219,
    "lgan_cov-CD": 0.5261958837509155,
    "lgan_mmd_smp-CD": 0.006671624723821878,
    "lgan_mmd-EMD": 0.03282294049859047,
    "lgan_cov-EMD": 0.5246772766113281,
    "lgan_mmd_smp-EMD": 0.035347890108823776,
    "1-NN-CD-acc_t": 0.7608200311660767,
    "1-NN-CD-acc_f": 0.5049354434013367,
    "1-NN-CD-acc": 0.632877767086029,
    "1-NN-EMD-acc_t": 0.6697039008140564,
    "1-NN-EMD-acc_f": 0.5558086633682251,
    "1-NN-EMD-acc": 0.6127562522888184,
    "JSD": 0.015253316957151597
}