{
    "lgan_mmd-CD": 0.0577673614025116,
    "lgan_cov-CD": 0.375,
    "lgan_mmd_smp-CD": 0.06423281133174896,
    "lgan_mmd-EMD": 0.5779272317886353,
    "lgan_cov-EMD": 0.375,
    "lgan_mmd_smp-EMD": 0.6067861318588257,
    "1-NN-CD-acc_t": 0.9504950642585754,
    "1-NN-CD-acc_f": 0.7698019742965698,
    "1-NN-CD-acc": 0.8601484894752502,
    "1-NN-EMD-acc_t": 0.8985148668289185,
    "1-NN-EMD-acc_f": 0.853960394859314,
    "1-NN-EMD-acc": 0.8762376308441162,
    "CD-mean": 0.21939979493618011,
    "EMD-mean": 2.168610095977783,
    "JSD": 0.0748834203882005
}