{
    "lgan_mmd-CD": 0.005922883283346891,
    "lgan_cov-CD": 0.06818182021379471,
    "lgan_mmd_smp-CD": 0.024613799527287483,
    "lgan_mmd-EMD": 0.0230103749781847,
    "lgan_cov-EMD": 0.024147726595401764,
    "lgan_mmd_smp-EMD": 0.2175576090812683,
    "1-NN-CD-acc_t": 1.0,
    "1-NN-CD-acc_f": 0.9957386255264282,
    "1-NN-CD-acc": 0.9978693127632141,
    "1-NN-EMD-acc_t": 1.0,
    "1-NN-EMD-acc_f": 0.9971590638160706,
    "1-NN-EMD-acc": 0.9985795617103577,
    "CD-mean": 0.030699042603373528,
    "EMD-mean": 0.23098783195018768,
    "JSD": 0.35392202233710357
}