{
    "lgan_mmd-CD": 0.0033703530207276344,
    "lgan_cov-CD": 0.5028409361839294,
    "lgan_mmd_smp-CD": 0.004452909342944622,
    "lgan_mmd-EMD": 0.018736068159341812,
    "lgan_cov-EMD": 0.5596590638160706,
    "lgan_mmd_smp-EMD": 0.02286550961434841,
    "1-NN-CD-acc_t": 0.8267045617103577,
    "1-NN-CD-acc_f": 0.5326704382896423,
    "1-NN-CD-acc": 0.6796875,
    "1-NN-EMD-acc_t": 0.7443181872367859,
    "1-NN-EMD-acc_f": 0.48153409361839294,
    "1-NN-EMD-acc": 0.6129261255264282,
    "CD-mean": 0.0074127851985394955,
    "EMD-mean": 0.04823152720928192,
    "JSD": 0.01469316530594611
}