{
    "lgan_mmd-CD": 0.003646185388788581,
    "lgan_cov-CD": 0.43465909361839294,
    "lgan_mmd_smp-CD": 0.00474340608343482,
    "lgan_mmd-EMD": 0.02060258388519287,
    "lgan_cov-EMD": 0.5028409361839294,
    "lgan_mmd_smp-EMD": 0.02318813093006611,
    "1-NN-CD-acc_t": 0.8409090638160706,
    "1-NN-CD-acc_f": 0.734375,
    "1-NN-CD-acc": 0.7876420617103577,
    "1-NN-EMD-acc_t": 0.7613636255264282,
    "1-NN-EMD-acc_f": 0.5625,
    "1-NN-EMD-acc": 0.6619318127632141,
    "CD-mean": 0.007519291248172522,
    "EMD-mean": 0.05112500116229057,
    "JSD": 0.012883737497350722
}