{
    "lgan_mmd-CD": 0.005827659275382757,
    "lgan_cov-CD": 0.22301135957241058,
    "lgan_mmd_smp-CD": 0.006875107064843178,
    "lgan_mmd-EMD": 0.027159733697772026,
    "lgan_cov-EMD": 0.27840909361839294,
    "lgan_mmd_smp-EMD": 0.03169878572225571,
    "1-NN-CD-acc_t": 1.0,
    "1-NN-CD-acc_f": 0.9815340638160706,
    "1-NN-CD-acc": 0.9907670617103577,
    "1-NN-EMD-acc_t": 0.9928977489471436,
    "1-NN-EMD-acc_f": 0.9446022510528564,
    "1-NN-EMD-acc": 0.96875,
    "CD-mean": 0.009952385909855366,
    "EMD-mean": 0.06686436384916306,
    "JSD": 0.049681005483998675
}