{
    "lgan_mmd-CD": 0.0067757051438093185,
    "lgan_cov-CD": 0.078125,
    "lgan_mmd_smp-CD": 0.013600463047623634,
    "lgan_mmd-EMD": 0.04788694158196449,
    "lgan_cov-EMD": 0.017045455053448677,
    "lgan_mmd_smp-EMD": 0.13030055165290833,
    "1-NN-CD-acc_t": 1.0,
    "1-NN-CD-acc_f": 0.9943181872367859,
    "1-NN-CD-acc": 0.9971590638160706,
    "1-NN-EMD-acc_t": 1.0,
    "1-NN-EMD-acc_f": 0.9971590638160706,
    "1-NN-EMD-acc": 0.9985795617103577,
    "CD-mean": 0.01706753484904766,
    "EMD-mean": 0.1665094941854477,
    "JSD": 0.21279506643313084
}