{
    "lgan_mmd-CD": 0.003511288668960333,
    "lgan_cov-CD": 0.4786931872367859,
    "lgan_mmd_smp-CD": 0.004639811348170042,
    "lgan_mmd-EMD": 0.019660646095871925,
    "lgan_cov-EMD": 0.5340909361839294,
    "lgan_mmd_smp-EMD": 0.022886991500854492,
    "1-NN-CD-acc_t": 0.8196022510528564,
    "1-NN-CD-acc_f": 0.6519886255264282,
    "1-NN-CD-acc": 0.7357954382896423,
    "1-NN-EMD-acc_t": 0.7315340638160706,
    "1-NN-EMD-acc_f": 0.5113636255264282,
    "1-NN-EMD-acc": 0.6214488744735718,
    "CD-mean": 0.007397858891636133,
    "EMD-mean": 0.0499570406973362,
    "JSD": 0.011196461225079446
}