{
    "lgan_mmd-CD": 0.00498151034116745,
    "lgan_cov-CD": 0.328125,
    "lgan_mmd_smp-CD": 0.005587080493569374,
    "lgan_mmd-EMD": 0.023526567965745926,
    "lgan_cov-EMD": 0.42471590638160706,
    "lgan_mmd_smp-EMD": 0.025529421865940094,
    "1-NN-CD-acc_t": 0.9985795617103577,
    "1-NN-CD-acc_f": 0.9375,
    "1-NN-CD-acc": 0.9680397510528564,
    "1-NN-EMD-acc_t": 0.9502840638160706,
    "1-NN-EMD-acc_f": 0.8210227489471436,
    "1-NN-EMD-acc": 0.8856534361839294,
    "CD-mean": 0.008549829944968224,
    "EMD-mean": 0.05489926040172577,
    "JSD": 0.025763048327760885
}