{
    "lgan_mmd-CD": 0.0070854052901268005,
    "lgan_cov-CD": 0.05823863670229912,
    "lgan_mmd_smp-CD": 0.011741336435079575,
    "lgan_mmd-EMD": 0.050007279962301254,
    "lgan_cov-EMD": 0.024147726595401764,
    "lgan_mmd_smp-EMD": 0.098729208111763,
    "1-NN-CD-acc_t": 0.9985795617103577,
    "1-NN-CD-acc_f": 0.9971590638160706,
    "1-NN-CD-acc": 0.9978693127632141,
    "1-NN-EMD-acc_t": 1.0,
    "1-NN-EMD-acc_f": 0.9985795617103577,
    "1-NN-EMD-acc": 0.9992897510528564,
    "CD-mean": 0.015638442710042,
    "EMD-mean": 0.14115701615810394,
    "JSD": 0.1618851880048684
}