{
    "lgan_mmd-CD": 0.00333275250159204,
    "lgan_cov-CD": 0.4957386255264282,
    "lgan_mmd_smp-CD": 0.004262854345142841,
    "lgan_mmd-EMD": 0.018841970711946487,
    "lgan_cov-EMD": 0.5411931872367859,
    "lgan_mmd_smp-EMD": 0.02245444245636463,
    "1-NN-CD-acc_t": 0.8139204382896423,
    "1-NN-CD-acc_f": 0.5710227489471436,
    "1-NN-CD-acc": 0.6924715638160706,
    "1-NN-EMD-acc_t": 0.7244318127632141,
    "1-NN-EMD-acc_f": 0.4673295319080353,
    "1-NN-EMD-acc": 0.5958806872367859,
    "CD-mean": 0.0071924407966434956,
    "EMD-mean": 0.048743925988674164,
    "JSD": 0.010585791184542614
}