{
    "lgan_mmd-CD": 0.004220487084239721,
    "lgan_cov-CD": 0.3892045319080353,
    "lgan_mmd_smp-CD": 0.004952340852469206,
    "lgan_mmd-EMD": 0.021868104115128517,
    "lgan_cov-EMD": 0.46875,
    "lgan_mmd_smp-EMD": 0.02388142980635166,
    "1-NN-CD-acc_t": 0.9545454382896423,
    "1-NN-CD-acc_f": 0.8636363744735718,
    "1-NN-CD-acc": 0.9090909361839294,
    "1-NN-EMD-acc_t": 0.8451704382896423,
    "1-NN-EMD-acc_f": 0.6448863744735718,
    "1-NN-EMD-acc": 0.7450284361839294,
    "CD-mean": 0.007718692999333143,
    "EMD-mean": 0.051858242601156235,
    "JSD": 0.015718109438784822
}