{
    "lgan_mmd-CD": 0.007345873396843672,
    "lgan_cov-CD": 0.12357954680919647,
    "lgan_mmd_smp-CD": 0.008895955048501492,
    "lgan_mmd-EMD": 0.03694024309515953,
    "lgan_cov-EMD": 0.08238636702299118,
    "lgan_mmd_smp-EMD": 0.056660402566194534,
    "1-NN-CD-acc_t": 1.0,
    "1-NN-CD-acc_f": 0.9928977489471436,
    "1-NN-CD-acc": 0.9964488744735718,
    "1-NN-EMD-acc_t": 1.0,
    "1-NN-EMD-acc_f": 0.9928977489471436,
    "1-NN-EMD-acc": 0.9964488744735718,
    "CD-mean": 0.012340988963842392,
    "EMD-mean": 0.09968852996826172,
    "JSD": 0.09506687841738426
}