{
    "lgan_mmd-CD": 0.003590381471440196,
    "lgan_cov-CD": 0.40470296144485474,
    "lgan_mmd_smp-CD": 0.0034464907366782427,
    "lgan_mmd-EMD": 0.024588799104094505,
    "lgan_cov-EMD": 0.4826732575893402,
    "lgan_mmd_smp-EMD": 0.024704625830054283,
    "1-NN-CD-acc_t": 0.7945544719696045,
    "1-NN-CD-acc_f": 0.7351484894752502,
    "1-NN-CD-acc": 0.7648515105247498,
    "1-NN-EMD-acc_t": 0.6386138796806335,
    "1-NN-EMD-acc_f": 0.6732673048973083,
    "1-NN-EMD-acc": 0.655940592288971,
    "CD-mean": 0.011195318773388863,
    "EMD-mean": 0.06700956076383591,
    "JSD": 0.03485002086168798
}