{
    "lgan_mmd-CD": 0.0032827877439558506,
    "lgan_cov-CD": 0.4455445408821106,
    "lgan_mmd_smp-CD": 0.003355617169290781,
    "lgan_mmd-EMD": 0.023426983505487442,
    "lgan_cov-EMD": 0.5012376308441162,
    "lgan_mmd_smp-EMD": 0.02411557175219059,
    "1-NN-CD-acc_t": 0.7871286869049072,
    "1-NN-CD-acc_f": 0.6683168411254883,
    "1-NN-CD-acc": 0.7277227640151978,
    "1-NN-EMD-acc_t": 0.6386138796806335,
    "1-NN-EMD-acc_f": 0.6534653306007385,
    "1-NN-EMD-acc": 0.646039605140686,
    "CD-mean": 0.010778194293379784,
    "EMD-mean": 0.06577879190444946,
    "JSD": 0.024546423011775786
}