{
    "lgan_mmd-CD": 0.0036150768864899874,
    "lgan_cov-CD": 0.40594059228897095,
    "lgan_mmd_smp-CD": 0.003390612779185176,
    "lgan_mmd-EMD": 0.03133586794137955,
    "lgan_cov-EMD": 0.4108910858631134,
    "lgan_mmd_smp-EMD": 0.025065330788493156,
    "1-NN-CD-acc_t": 0.905940592288971,
    "1-NN-CD-acc_f": 0.6274752616882324,
    "1-NN-CD-acc": 0.7667078971862793,
    "1-NN-EMD-acc_t": 0.7797029614448547,
    "1-NN-EMD-acc_f": 0.6893564462661743,
    "1-NN-EMD-acc": 0.7345296740531921,
    "CD-mean": 0.012406326830387115,
    "EMD-mean": 0.08039005845785141,
    "JSD": 0.03243201705472387
}