{
    "lgan_mmd-CD": 0.0026684359181672335,
    "lgan_cov-CD": 0.5061880946159363,
    "lgan_mmd_smp-CD": 0.0032300010789185762,
    "lgan_mmd-EMD": 0.021502166986465454,
    "lgan_cov-EMD": 0.5160890817642212,
    "lgan_mmd_smp-EMD": 0.023264409974217415,
    "1-NN-CD-acc_t": 0.771039605140686,
    "1-NN-CD-acc_f": 0.6138613820075989,
    "1-NN-CD-acc": 0.6924505233764648,
    "1-NN-EMD-acc_t": 0.6782178282737732,
    "1-NN-EMD-acc_f": 0.5792078971862793,
    "1-NN-EMD-acc": 0.6287128925323486,
    "CD-mean": 0.009469207376241684,
    "EMD-mean": 0.059800200164318085,
    "JSD": 0.016520838551443262
}