{
    "lgan_mmd-CD": 0.0031141473446041346,
    "lgan_cov-CD": 0.4096534550189972,
    "lgan_mmd_smp-CD": 0.003407943295314908,
    "lgan_mmd-EMD": 0.023525120690464973,
    "lgan_cov-EMD": 0.46905940771102905,
    "lgan_mmd_smp-EMD": 0.025285253301262856,
    "1-NN-CD-acc_t": 0.853960394859314,
    "1-NN-CD-acc_f": 0.6967821717262268,
    "1-NN-CD-acc": 0.7753713130950928,
    "1-NN-EMD-acc_t": 0.719059407711029,
    "1-NN-EMD-acc_f": 0.719059407711029,
    "1-NN-EMD-acc": 0.719059407711029,
    "CD-mean": 0.010337921790778637,
    "EMD-mean": 0.06745298951864243,
    "JSD": 0.028416619890579753
}