{
    "lgan_mmd-CD": 1.2378597259521484,
    "lgan_cov-CD": 0.019886363297700882,
    "lgan_mmd_smp-CD": 0.9446933269500732,
    "lgan_mmd-EMD": 2.7305939197540283,
    "lgan_cov-EMD": 0.06676136702299118,
    "lgan_mmd_smp-EMD": 2.5645406246185303,
    "1-NN-CD-acc_t": 1.0,
    "1-NN-CD-acc_f": 0.9985795617103577,
    "1-NN-CD-acc": 0.9992897510528564,
    "1-NN-EMD-acc_t": 1.0,
    "1-NN-EMD-acc_f": 0.9971590638160706,
    "1-NN-EMD-acc": 0.9985795617103577,
    "CD-mean": 1.5764384269714355,
    "EMD-mean": 4.013856887817383,
    "JSD": 0.18606326243170557
}