{
    "lgan_mmd-CD": 0.03204331547021866,
    "lgan_cov-CD": 0.5113636255264282,
    "lgan_mmd_smp-CD": 0.04632557928562164,
    "lgan_mmd-EMD": 0.27091091871261597,
    "lgan_cov-EMD": 0.5028409361839294,
    "lgan_mmd_smp-EMD": 0.3191901445388794,
    "1-NN-CD-acc_t": 0.84375,
    "1-NN-CD-acc_f": 0.6306818127632141,
    "1-NN-CD-acc": 0.7372159361839294,
    "1-NN-EMD-acc_t": 0.7428977489471436,
    "1-NN-EMD-acc_f": 0.6193181872367859,
    "1-NN-EMD-acc": 0.6811079382896423,
    "CD-mean": 0.09286337345838547,
    "EMD-mean": 1.232814908027649,
    "JSD": 0.00804967929789413
}