{
    "lgan_mmd-CD": 0.03169344365596771,
    "lgan_cov-CD": 0.5127840638160706,
    "lgan_mmd_smp-CD": 0.0455133430659771,
    "lgan_mmd-EMD": 0.26763156056404114,
    "lgan_cov-EMD": 0.5142045617103577,
    "lgan_mmd_smp-EMD": 0.3153359293937683,
    "1-NN-CD-acc_t": 0.8849431872367859,
    "1-NN-CD-acc_f": 0.578125,
    "1-NN-CD-acc": 0.7315340638160706,
    "1-NN-EMD-acc_t": 0.7911931872367859,
    "1-NN-EMD-acc_f": 0.6150568127632141,
    "1-NN-EMD-acc": 0.703125,
    "CD-mean": 0.09980752319097519,
    "EMD-mean": 1.2537798881530762,
    "JSD": 0.007825747705421549
}