{
    "lgan_mmd-CD": 0.034029677510261536,
    "lgan_cov-CD": 0.3536931872367859,
    "lgan_mmd_smp-CD": 0.05252085626125336,
    "lgan_mmd-EMD": 0.29075998067855835,
    "lgan_cov-EMD": 0.39346590638160706,
    "lgan_mmd_smp-EMD": 0.3594578504562378,
    "1-NN-CD-acc_t": 0.9914772510528564,
    "1-NN-CD-acc_f": 0.8267045617103577,
    "1-NN-CD-acc": 0.9090909361839294,
    "1-NN-EMD-acc_t": 0.9247159361839294,
    "1-NN-EMD-acc_f": 0.7556818127632141,
    "1-NN-EMD-acc": 0.8401988744735718,
    "CD-mean": 0.0988299772143364,
    "EMD-mean": 1.184026837348938,
    "JSD": 0.015147029410877977
}