{
    "lgan_mmd-CD": 0.056518472731113434,
    "lgan_cov-CD": 0.10085227340459824,
    "lgan_mmd_smp-CD": 0.24767465889453888,
    "lgan_mmd-EMD": 0.460096150636673,
    "lgan_cov-EMD": 0.06392045319080353,
    "lgan_mmd_smp-EMD": 1.6169661283493042,
    "1-NN-CD-acc_t": 1.0,
    "1-NN-CD-acc_f": 0.9928977489471436,
    "1-NN-CD-acc": 0.9964488744735718,
    "1-NN-EMD-acc_t": 0.9985795617103577,
    "1-NN-EMD-acc_f": 0.9886363744735718,
    "1-NN-EMD-acc": 0.9936079382896423,
    "CD-mean": 0.4245179295539856,
    "EMD-mean": 2.2268760204315186,
    "JSD": 0.3281596313137083
}