{
    "lgan_mmd-CD": 0.03164532035589218,
    "lgan_cov-CD": 0.5184659361839294,
    "lgan_mmd_smp-CD": 0.04547061026096344,
    "lgan_mmd-EMD": 0.2736581265926361,
    "lgan_cov-EMD": 0.5085227489471436,
    "lgan_mmd_smp-EMD": 0.31476864218711853,
    "1-NN-CD-acc_t": 0.8451704382896423,
    "1-NN-CD-acc_f": 0.6278409361839294,
    "1-NN-CD-acc": 0.7365056872367859,
    "1-NN-EMD-acc_t": 0.7457386255264282,
    "1-NN-EMD-acc_f": 0.5866477489471436,
    "1-NN-EMD-acc": 0.6661931872367859,
    "CD-mean": 0.09423486888408661,
    "EMD-mean": 1.209621548652649,
    "JSD": 0.007911189331098356
}