{
    "lgan_mmd-CD": 0.031919967383146286,
    "lgan_cov-CD": 0.4588068127632141,
    "lgan_mmd_smp-CD": 0.04688715562224388,
    "lgan_mmd-EMD": 0.2710162401199341,
    "lgan_cov-EMD": 0.49715909361839294,
    "lgan_mmd_smp-EMD": 0.3184308707714081,
    "1-NN-CD-acc_t": 0.9545454382896423,
    "1-NN-CD-acc_f": 0.6647727489471436,
    "1-NN-CD-acc": 0.8096590638160706,
    "1-NN-EMD-acc_t": 0.8338068127632141,
    "1-NN-EMD-acc_f": 0.6335227489471436,
    "1-NN-EMD-acc": 0.7336647510528564,
    "CD-mean": 0.09449464827775955,
    "EMD-mean": 1.2352559566497803,
    "JSD": 0.009527425384126431
}