{
    "lgan_mmd-CD": 0.03756149485707283,
    "lgan_cov-CD": 0.07528409361839294,
    "lgan_mmd_smp-CD": 0.13992829620838165,
    "lgan_mmd-EMD": 0.3764718770980835,
    "lgan_cov-EMD": 0.07244317978620529,
    "lgan_mmd_smp-EMD": 0.9652407169342041,
    "1-NN-CD-acc_t": 0.9985795617103577,
    "1-NN-CD-acc_f": 0.9829545617103577,
    "1-NN-CD-acc": 0.9907670617103577,
    "1-NN-EMD-acc_t": 0.9957386255264282,
    "1-NN-EMD-acc_f": 0.9786931872367859,
    "1-NN-EMD-acc": 0.9872159361839294,
    "CD-mean": 0.2919044494628906,
    "EMD-mean": 1.7235321998596191,
    "JSD": 0.15051925711266279
}