{
    "lgan_mmd-CD": 0.03175990283489227,
    "lgan_cov-CD": 0.5170454382896423,
    "lgan_mmd_smp-CD": 0.04602297767996788,
    "lgan_mmd-EMD": 0.27431803941726685,
    "lgan_cov-EMD": 0.49289771914482117,
    "lgan_mmd_smp-EMD": 0.3168293833732605,
    "1-NN-CD-acc_t": 0.8423295617103577,
    "1-NN-CD-acc_f": 0.5894886255264282,
    "1-NN-CD-acc": 0.7159090638160706,
    "1-NN-EMD-acc_t": 0.7713068127632141,
    "1-NN-EMD-acc_f": 0.6235795617103577,
    "1-NN-EMD-acc": 0.6974431872367859,
    "CD-mean": 0.09219388663768768,
    "EMD-mean": 1.1822479963302612,
    "JSD": 0.008342923554620185
}