{
    "lgan_mmd-CD": 0.03144218400120735,
    "lgan_cov-CD": 0.5269886255264282,
    "lgan_mmd_smp-CD": 0.04564613476395607,
    "lgan_mmd-EMD": 0.2641379237174988,
    "lgan_cov-EMD": 0.5127840638160706,
    "lgan_mmd_smp-EMD": 0.3143814504146576,
    "1-NN-CD-acc_t": 0.8963068127632141,
    "1-NN-CD-acc_f": 0.5951704382896423,
    "1-NN-CD-acc": 0.7457386255264282,
    "1-NN-EMD-acc_t": 0.7798295617103577,
    "1-NN-EMD-acc_f": 0.5795454382896423,
    "1-NN-EMD-acc": 0.6796875,
    "CD-mean": 0.08920647948980331,
    "EMD-mean": 1.2287763357162476,
    "JSD": 0.007727772473099748
}