{
    "lgan_mmd-CD": 0.034952107816934586,
    "lgan_cov-CD": 0.15340909361839294,
    "lgan_mmd_smp-CD": 0.07247944176197052,
    "lgan_mmd-EMD": 0.33881211280822754,
    "lgan_cov-EMD": 0.1818181872367859,
    "lgan_mmd_smp-EMD": 0.5203405618667603,
    "1-NN-CD-acc_t": 0.9957386255264282,
    "1-NN-CD-acc_f": 0.9588068127632141,
    "1-NN-CD-acc": 0.9772727489471436,
    "1-NN-EMD-acc_t": 0.9886363744735718,
    "1-NN-EMD-acc_f": 0.9403409361839294,
    "1-NN-EMD-acc": 0.9644886255264282,
    "CD-mean": 0.14454130828380585,
    "EMD-mean": 1.3171343803405762,
    "JSD": 0.03913909616547784
}