{
    "lgan_mmd-CD": 0.002357118995860219,
    "lgan_cov-CD": 0.5445544719696045,
    "lgan_mmd_smp-CD": 0.0031526489183306694,
    "lgan_mmd-EMD": 0.020016269758343697,
    "lgan_cov-EMD": 0.5655940771102905,
    "lgan_mmd_smp-EMD": 0.0221715085208416,
    "1-NN-CD-acc_t": 0.7462871074676514,
    "1-NN-CD-acc_f": 0.5358911156654358,
    "1-NN-CD-acc": 0.6410890817642212,
    "1-NN-EMD-acc_t": 0.6435643434524536,
    "1-NN-EMD-acc_f": 0.49504950642585754,
    "1-NN-EMD-acc": 0.5693069100379944,
    "CD-mean": 0.008813517168164253,
    "EMD-mean": 0.057198651134967804,
    "JSD": 0.010561849660923883
}