{
    "lgan_mmd-CD": 0.10948318243026733,
    "lgan_cov-CD": 0.12376237660646439,
    "lgan_mmd_smp-CD": 0.2824437618255615,
    "lgan_mmd-EMD": 0.3922484815120697,
    "lgan_cov-EMD": 0.08787129074335098,
    "lgan_mmd_smp-EMD": 2.4007270336151123,
    "1-NN-CD-acc_t": 1.0,
    "1-NN-CD-acc_f": 1.0,
    "1-NN-CD-acc": 1.0,
    "1-NN-EMD-acc_t": 1.0,
    "1-NN-EMD-acc_f": 0.9987623691558838,
    "1-NN-EMD-acc": 0.9993811845779419,
    "CD-mean": 0.6505230665206909,
    "EMD-mean": 2.8978114128112793,
    "JSD": 0.4969664740922486
}