{
    "lgan_mmd-CD": 0.05246501415967941,
    "lgan_cov-CD": 0.37004950642585754,
    "lgan_mmd_smp-CD": 0.0648520439863205,
    "lgan_mmd-EMD": 0.505110502243042,
    "lgan_cov-EMD": 0.4034653604030609,
    "lgan_mmd_smp-EMD": 0.6084029078483582,
    "1-NN-CD-acc_t": 0.9022276997566223,
    "1-NN-CD-acc_f": 0.8032178282737732,
    "1-NN-CD-acc": 0.8527227640151978,
    "1-NN-EMD-acc_t": 0.8514851331710815,
    "1-NN-EMD-acc_f": 0.8490098714828491,
    "1-NN-EMD-acc": 0.8502475023269653,
    "CD-mean": 0.4464823007583618,
    "EMD-mean": 2.9944002628326416,
    "JSD": 0.0726463083304214
}