{
    "lgan_mmd-CD": 0.04434536397457123,
    "lgan_cov-CD": 0.30816832184791565,
    "lgan_mmd_smp-CD": 0.07175830006599426,
    "lgan_mmd-EMD": 0.47904613614082336,
    "lgan_cov-EMD": 0.3044554591178894,
    "lgan_mmd_smp-EMD": 0.6888836622238159,
    "1-NN-CD-acc_t": 0.9863861203193665,
    "1-NN-CD-acc_f": 0.7945544719696045,
    "1-NN-CD-acc": 0.8904703259468079,
    "1-NN-EMD-acc_t": 0.9591584205627441,
    "1-NN-EMD-acc_f": 0.8935643434524536,
    "1-NN-EMD-acc": 0.9263613820075989,
    "CD-mean": 0.39194074273109436,
    "EMD-mean": 2.694760799407959,
    "JSD": 0.12043071200828237
}