{
    "lgan_mmd-CD": 0.04281795024871826,
    "lgan_cov-CD": 0.05198019742965698,
    "lgan_mmd_smp-CD": 0.6113225817680359,
    "lgan_mmd-EMD": 0.3287757635116577,
    "lgan_cov-EMD": 0.06435643881559372,
    "lgan_mmd_smp-EMD": 2.2299342155456543,
    "1-NN-CD-acc_t": 1.0,
    "1-NN-CD-acc_f": 0.9962871074676514,
    "1-NN-CD-acc": 0.9981435537338257,
    "1-NN-EMD-acc_t": 1.0,
    "1-NN-EMD-acc_f": 0.9987623691558838,
    "1-NN-EMD-acc": 0.9993811845779419,
    "CD-mean": 1.2415554523468018,
    "EMD-mean": 2.809344530105591,
    "JSD": 0.5651146481185361
}