{
    "lgan_mmd-CD": 0.05471434444189072,
    "lgan_cov-CD": 0.35396039485931396,
    "lgan_mmd_smp-CD": 0.06895776093006134,
    "lgan_mmd-EMD": 0.5252636671066284,
    "lgan_cov-EMD": 0.36262375116348267,
    "lgan_mmd_smp-EMD": 0.615646243095398,
    "1-NN-CD-acc_t": 0.9257425665855408,
    "1-NN-CD-acc_f": 0.8551980257034302,
    "1-NN-CD-acc": 0.8904703259468079,
    "1-NN-EMD-acc_t": 0.8663366436958313,
    "1-NN-EMD-acc_f": 0.8849009871482849,
    "1-NN-EMD-acc": 0.8756188154220581,
    "CD-mean": 0.45853033661842346,
    "EMD-mean": 2.894681215286255,
    "JSD": 0.0782322696187503
}