{
    "lgan_mmd-CD": 0.0432601124048233,
    "lgan_cov-CD": 0.3762376308441162,
    "lgan_mmd_smp-CD": 0.06718914955854416,
    "lgan_mmd-EMD": 0.4626903831958771,
    "lgan_cov-EMD": 0.39727723598480225,
    "lgan_mmd_smp-EMD": 0.6116678714752197,
    "1-NN-CD-acc_t": 0.9764851331710815,
    "1-NN-CD-acc_f": 0.7438119053840637,
    "1-NN-CD-acc": 0.8601484894752502,
    "1-NN-EMD-acc_t": 0.8985148668289185,
    "1-NN-EMD-acc_f": 0.8675742745399475,
    "1-NN-EMD-acc": 0.8830445408821106,
    "CD-mean": 0.4023217260837555,
    "EMD-mean": 2.7288546562194824,
    "JSD": 0.08827905969356564
}