{
    "lgan_mmd-CD": 0.052090130746364594,
    "lgan_cov-CD": 0.0804455429315567,
    "lgan_mmd_smp-CD": 0.23019705712795258,
    "lgan_mmd-EMD": 0.3730628788471222,
    "lgan_cov-EMD": 0.05445544421672821,
    "lgan_mmd_smp-EMD": 1.6545562744140625,
    "1-NN-CD-acc_t": 1.0,
    "1-NN-CD-acc_f": 0.9900990128517151,
    "1-NN-CD-acc": 0.9950494766235352,
    "1-NN-EMD-acc_t": 1.0,
    "1-NN-EMD-acc_f": 0.9913366436958313,
    "1-NN-EMD-acc": 0.9956682920455933,
    "CD-mean": 0.8862555623054504,
    "EMD-mean": 2.779402732849121,
    "JSD": 0.38107140284586194
}