{
    "lgan_mmd-CD": 0.054346803575754166,
    "lgan_cov-CD": 0.3403465449810028,
    "lgan_mmd_smp-CD": 0.06848500669002533,
    "lgan_mmd-EMD": 0.5253064036369324,
    "lgan_cov-EMD": 0.3774752616882324,
    "lgan_mmd_smp-EMD": 0.6089584231376648,
    "1-NN-CD-acc_t": 0.9009901285171509,
    "1-NN-CD-acc_f": 0.8613861203193665,
    "1-NN-CD-acc": 0.8811880946159363,
    "1-NN-EMD-acc_t": 0.8391088843345642,
    "1-NN-EMD-acc_f": 0.8774752616882324,
    "1-NN-EMD-acc": 0.8582921028137207,
    "CD-mean": 0.4503451883792877,
    "EMD-mean": 2.884983777999878,
    "JSD": 0.08008196544959212
}