{
    "lgan_mmd-CD": 0.047084156423807144,
    "lgan_cov-CD": 0.34405940771102905,
    "lgan_mmd_smp-CD": 0.0672888532280922,
    "lgan_mmd-EMD": 0.4794067144393921,
    "lgan_cov-EMD": 0.40470296144485474,
    "lgan_mmd_smp-EMD": 0.62086021900177,
    "1-NN-CD-acc_t": 0.9393564462661743,
    "1-NN-CD-acc_f": 0.7772276997566223,
    "1-NN-CD-acc": 0.8582921028137207,
    "1-NN-EMD-acc_t": 0.8564356565475464,
    "1-NN-EMD-acc_f": 0.8465346693992615,
    "1-NN-EMD-acc": 0.8514851331710815,
    "CD-mean": 0.42410415410995483,
    "EMD-mean": 2.803023338317871,
    "JSD": 0.08170583814431076
}