{
    "lgan_mmd-CD": 0.054076019674539566,
    "lgan_cov-CD": 0.14851485192775726,
    "lgan_mmd_smp-CD": 0.10645841807126999,
    "lgan_mmd-EMD": 0.4427250921726227,
    "lgan_cov-EMD": 0.12995049357414246,
    "lgan_mmd_smp-EMD": 1.0282397270202637,
    "1-NN-CD-acc_t": 0.9987623691558838,
    "1-NN-CD-acc_f": 0.9232673048973083,
    "1-NN-CD-acc": 0.9610148668289185,
    "1-NN-EMD-acc_t": 0.9962871074676514,
    "1-NN-EMD-acc_f": 0.9715346693992615,
    "1-NN-EMD-acc": 0.9839109182357788,
    "CD-mean": 0.5106046199798584,
    "EMD-mean": 2.555371046066284,
    "JSD": 0.21129701643620358
}