{
    "lgan_mmd-CD": 0.007710843347012997,
    "lgan_cov-CD": 0.4441913366317749,
    "lgan_mmd_smp-CD": 0.007434585597366095,
    "lgan_mmd-EMD": 0.04589909687638283,
    "lgan_cov-EMD": 0.35459378361701965,
    "lgan_mmd_smp-EMD": 0.040055565536022186,
    "1-NN-CD-acc_t": 0.7942293286323547,
    "1-NN-CD-acc_f": 0.6780561804771423,
    "1-NN-CD-acc": 0.7361427545547485,
    "1-NN-EMD-acc_t": 0.8063781261444092,
    "1-NN-EMD-acc_f": 0.7767653465270996,
    "1-NN-EMD-acc": 0.7915717363357544,
    "CD-mean": 0.025441395118832588,
    "EMD-mean": 0.09894437342882156,
    "JSD": 0.030913875663175716
}