{
    "lgan_mmd-CD": 0.006698412820696831,
    "lgan_cov-CD": 0.4821564257144928,
    "lgan_mmd_smp-CD": 0.006935705430805683,
    "lgan_mmd-EMD": 0.03878752142190933,
    "lgan_cov-EMD": 0.47304481267929077,
    "lgan_mmd_smp-EMD": 0.03700679913163185,
    "1-NN-CD-acc_t": 0.7205770611763,
    "1-NN-CD-acc_f": 0.5649202466011047,
    "1-NN-CD-acc": 0.6427486538887024,
    "1-NN-EMD-acc_t": 0.7091875672340393,
    "1-NN-EMD-acc_f": 0.6643887758255005,
    "1-NN-EMD-acc": 0.6867881417274475,
    "CD-mean": 0.01967111974954605,
    "EMD-mean": 0.08134401589632034,
    "JSD": 0.01616054267873146
}