{
    "lgan_mmd-CD": 0.00978716742247343,
    "lgan_cov-CD": 0.34624144434928894,
    "lgan_mmd_smp-CD": 0.008254025131464005,
    "lgan_mmd-EMD": 0.05757599323987961,
    "lgan_cov-EMD": 0.2703113257884979,
    "lgan_mmd_smp-EMD": 0.04513644054532051,
    "1-NN-CD-acc_t": 0.8663629293441772,
    "1-NN-CD-acc_f": 0.8116932511329651,
    "1-NN-CD-acc": 0.8390281200408936,
    "1-NN-EMD-acc_t": 0.8838268518447876,
    "1-NN-EMD-acc_f": 0.9035687446594238,
    "1-NN-EMD-acc": 0.8936977982521057,
    "CD-mean": 0.031825385987758636,
    "EMD-mean": 0.1175302118062973,
    "JSD": 0.052152871253408506
}