{
    "lgan_mmd-CD": 0.008861067704856396,
    "lgan_cov-CD": 0.3712984025478363,
    "lgan_mmd_smp-CD": 0.008417715318500996,
    "lgan_mmd-EMD": 0.0544147863984108,
    "lgan_cov-EMD": 0.27334851026535034,
    "lgan_mmd_smp-EMD": 0.04578708857297897,
    "1-NN-CD-acc_t": 0.8762338757514954,
    "1-NN-CD-acc_f": 0.8185269832611084,
    "1-NN-CD-acc": 0.8473803997039795,
    "1-NN-EMD-acc_t": 0.9081245064735413,
    "1-NN-EMD-acc_f": 0.9050872921943665,
    "1-NN-EMD-acc": 0.9066058993339539,
    "CD-mean": 0.03336828202009201,
    "EMD-mean": 0.11875677853822708,
    "JSD": 0.07051610062262981
}