{
    "lgan_mmd-CD": 0.2214255928993225,
    "lgan_cov-CD": 0.0717821791768074,
    "lgan_mmd_smp-CD": 0.26605239510536194,
    "lgan_mmd-EMD": 0.7645360231399536,
    "lgan_cov-EMD": 0.11386138945817947,
    "lgan_mmd_smp-EMD": 1.359011173248291,
    "1-NN-CD-acc_t": 1.0,
    "1-NN-CD-acc_f": 0.9962871074676514,
    "1-NN-CD-acc": 0.9981435537338257,
    "1-NN-EMD-acc_t": 0.9975247383117676,
    "1-NN-EMD-acc_f": 0.9950494766235352,
    "1-NN-EMD-acc": 0.9962871074676514,
    "CD-mean": 1.2632406949996948,
    "EMD-mean": 3.233577013015747,
    "JSD": 0.40083341747842205
}