{
    "lgan_mmd-CD": 0.39606529474258423,
    "lgan_cov-CD": 0.06064356490969658,
    "lgan_mmd_smp-CD": 0.4299187958240509,
    "lgan_mmd-EMD": 1.4033203125,
    "lgan_cov-EMD": 0.10148514807224274,
    "lgan_mmd_smp-EMD": 1.943070411682129,
    "1-NN-CD-acc_t": 1.0,
    "1-NN-CD-acc_f": 0.9987623691558838,
    "1-NN-CD-acc": 0.9993811845779419,
    "1-NN-EMD-acc_t": 1.0,
    "1-NN-EMD-acc_f": 0.9962871074676514,
    "1-NN-EMD-acc": 0.9981435537338257,
    "CD-mean": 1.2834174633026123,
    "EMD-mean": 3.940471649169922,
    "JSD": 0.40078564662444904
}