{
    "lgan_mmd-CD": 0.1665419340133667,
    "lgan_cov-CD": 0.1262376308441162,
    "lgan_mmd_smp-CD": 0.12474758923053741,
    "lgan_mmd-EMD": 0.7708240747451782,
    "lgan_cov-EMD": 0.1794554442167282,
    "lgan_mmd_smp-EMD": 0.9165242910385132,
    "1-NN-CD-acc_t": 0.9814356565475464,
    "1-NN-CD-acc_f": 0.9740098714828491,
    "1-NN-CD-acc": 0.9777227640151978,
    "1-NN-EMD-acc_t": 0.9566831588745117,
    "1-NN-EMD-acc_f": 0.9665841460227966,
    "1-NN-EMD-acc": 0.9616336822509766,
    "CD-mean": 0.9587286114692688,
    "EMD-mean": 3.2494330406188965,
    "JSD": 0.19439638186815245
}