{
    "lgan_mmd-CD": 0.3344651758670807,
    "lgan_cov-CD": 0.039603959769010544,
    "lgan_mmd_smp-CD": 0.3247656524181366,
    "lgan_mmd-EMD": 1.3846396207809448,
    "lgan_cov-EMD": 0.09034653753042221,
    "lgan_mmd_smp-EMD": 1.7666536569595337,
    "1-NN-CD-acc_t": 1.0,
    "1-NN-CD-acc_f": 0.9987623691558838,
    "1-NN-CD-acc": 0.9993811845779419,
    "1-NN-EMD-acc_t": 0.9987623691558838,
    "1-NN-EMD-acc_f": 0.9950494766235352,
    "1-NN-EMD-acc": 0.9969059228897095,
    "CD-mean": 1.3166123628616333,
    "EMD-mean": 4.040012359619141,
    "JSD": 0.37014335978814117
}