{
    "lgan_mmd-CD": 0.12624618411064148,
    "lgan_cov-CD": 0.17202970385551453,
    "lgan_mmd_smp-CD": 0.1105620339512825,
    "lgan_mmd-EMD": 0.7760423421859741,
    "lgan_cov-EMD": 0.18935643136501312,
    "lgan_mmd_smp-EMD": 0.8264697790145874,
    "1-NN-CD-acc_t": 0.9591584205627441,
    "1-NN-CD-acc_f": 0.9455445408821106,
    "1-NN-CD-acc": 0.9523515105247498,
    "1-NN-EMD-acc_t": 0.9430692791938782,
    "1-NN-EMD-acc_f": 0.9554455280303955,
    "1-NN-EMD-acc": 0.9492574334144592,
    "CD-mean": 0.9859457612037659,
    "EMD-mean": 3.5687777996063232,
    "JSD": 0.1899272498126745
}