{
    "lgan_mmd-CD": 0.24933862686157227,
    "lgan_cov-CD": 0.07301980257034302,
    "lgan_mmd_smp-CD": 0.28799235820770264,
    "lgan_mmd-EMD": 0.981025755405426,
    "lgan_cov-EMD": 0.12376237660646439,
    "lgan_mmd_smp-EMD": 1.6394236087799072,
    "1-NN-CD-acc_t": 0.9987623691558838,
    "1-NN-CD-acc_f": 0.9938119053840637,
    "1-NN-CD-acc": 0.9962871074676514,
    "1-NN-EMD-acc_t": 0.9987623691558838,
    "1-NN-EMD-acc_f": 0.9913366436958313,
    "1-NN-EMD-acc": 0.9950494766235352,
    "CD-mean": 1.3206063508987427,
    "EMD-mean": 3.684178352355957,
    "JSD": 0.3408345308811107
}