{
    "lgan_mmd-CD": 0.020012326538562775,
    "lgan_cov-CD": 0.039772726595401764,
    "lgan_mmd_smp-CD": 0.03562963753938675,
    "lgan_mmd-EMD": 0.1213204562664032,
    "lgan_cov-EMD": 0.004261363763362169,
    "lgan_mmd_smp-EMD": 0.28854575753211975,
    "1-NN-CD-acc_t": 1.0,
    "1-NN-CD-acc_f": 0.9957386255264282,
    "1-NN-CD-acc": 0.9978693127632141,
    "1-NN-EMD-acc_t": 1.0,
    "1-NN-EMD-acc_f": 0.9985795617103577,
    "1-NN-EMD-acc": 0.9992897510528564,
    "CD-mean": 0.07726357877254486,
    "EMD-mean": 0.3241285979747772,
    "JSD": 0.7933140671040828
}