{
    "lgan_mmd-CD": 0.003330174135044217,
    "lgan_cov-CD": 0.4900568127632141,
    "lgan_mmd_smp-CD": 0.0045363279059529305,
    "lgan_mmd-EMD": 0.01906571537256241,
    "lgan_cov-EMD": 0.5340909361839294,
    "lgan_mmd_smp-EMD": 0.022729992866516113,
    "1-NN-CD-acc_t": 0.7840909361839294,
    "1-NN-CD-acc_f": 0.578125,
    "1-NN-CD-acc": 0.6811079382896423,
    "1-NN-EMD-acc_t": 0.7315340638160706,
    "1-NN-EMD-acc_f": 0.49147728085517883,
    "1-NN-EMD-acc": 0.6115056872367859,
    "CD-mean": 0.0076012383215129375,
    "EMD-mean": 0.05003547668457031,
    "JSD": 0.012196160953296342
}