{
    "lgan_mmd-CD": 0.0035770400427281857,
    "lgan_cov-CD": 0.37215909361839294,
    "lgan_mmd_smp-CD": 0.004942470695823431,
    "lgan_mmd-EMD": 0.018588300794363022,
    "lgan_cov-EMD": 0.4261363744735718,
    "lgan_mmd_smp-EMD": 0.024219520390033722,
    "1-NN-CD-acc_t": 0.9715909361839294,
    "1-NN-CD-acc_f": 0.7954545617103577,
    "1-NN-CD-acc": 0.8835227489471436,
    "1-NN-EMD-acc_t": 0.8863636255264282,
    "1-NN-EMD-acc_f": 0.6036931872367859,
    "1-NN-EMD-acc": 0.7450284361839294,
    "CD-mean": 0.008274841122329235,
    "EMD-mean": 0.05455082282423973,
    "JSD": 0.04945623683097011
}