{
    "lgan_mmd-CD": 0.012611914426088333,
    "lgan_cov-CD": 0.014204545877873898,
    "lgan_mmd_smp-CD": 0.013573229312896729,
    "lgan_mmd-EMD": 0.09788928180932999,
    "lgan_cov-EMD": 0.011363636702299118,
    "lgan_mmd_smp-EMD": 0.1364085078239441,
    "1-NN-CD-acc_t": 1.0,
    "1-NN-CD-acc_f": 0.9957386255264282,
    "1-NN-CD-acc": 0.9978693127632141,
    "1-NN-EMD-acc_t": 1.0,
    "1-NN-EMD-acc_f": 0.9985795617103577,
    "1-NN-EMD-acc": 0.9992897510528564,
    "CD-mean": 0.045308832079172134,
    "EMD-mean": 0.21923428773880005,
    "JSD": 0.6837920587983266
}