{
    "lgan_mmd-CD": 0.0034128183033317327,
    "lgan_cov-CD": 0.5184659361839294,
    "lgan_mmd_smp-CD": 0.004320661537349224,
    "lgan_mmd-EMD": 0.019557811319828033,
    "lgan_cov-EMD": 0.5497159361839294,
    "lgan_mmd_smp-EMD": 0.022482071071863174,
    "1-NN-CD-acc_t": 0.7713068127632141,
    "1-NN-CD-acc_f": 0.59375,
    "1-NN-CD-acc": 0.6825284361839294,
    "1-NN-EMD-acc_t": 0.7372159361839294,
    "1-NN-EMD-acc_f": 0.453125,
    "1-NN-EMD-acc": 0.5951704382896423,
    "CD-mean": 0.0076150731183588505,
    "EMD-mean": 0.050377193838357925,
    "JSD": 0.01116883466659857
}