{
    "lgan_mmd-CD": 0.00357788591645658,
    "lgan_cov-CD": 0.453125,
    "lgan_mmd_smp-CD": 0.0046502333134412766,
    "lgan_mmd-EMD": 0.018735500052571297,
    "lgan_cov-EMD": 0.5340909361839294,
    "lgan_mmd_smp-EMD": 0.02271587960422039,
    "1-NN-CD-acc_t": 0.9005681872367859,
    "1-NN-CD-acc_f": 0.6448863744735718,
    "1-NN-CD-acc": 0.7727272510528564,
    "1-NN-EMD-acc_t": 0.7627840638160706,
    "1-NN-EMD-acc_f": 0.46164771914482117,
    "1-NN-EMD-acc": 0.6122159361839294,
    "CD-mean": 0.0075309318490326405,
    "EMD-mean": 0.0506565123796463,
    "JSD": 0.020182862845874894
}