{
    "lgan_mmd-CD": 0.004612733144313097,
    "lgan_cov-CD": 0.09517045319080353,
    "lgan_mmd_smp-CD": 0.008282334543764591,
    "lgan_mmd-EMD": 0.037858620285987854,
    "lgan_cov-EMD": 0.06107954680919647,
    "lgan_mmd_smp-EMD": 0.05218535289168358,
    "1-NN-CD-acc_t": 1.0,
    "1-NN-CD-acc_f": 0.9857954382896423,
    "1-NN-CD-acc": 0.9928977489471436,
    "1-NN-EMD-acc_t": 0.9985795617103577,
    "1-NN-EMD-acc_f": 0.9786931872367859,
    "1-NN-EMD-acc": 0.9886363744735718,
    "CD-mean": 0.016815783455967903,
    "EMD-mean": 0.112838976085186,
    "JSD": 0.3371763191911352
}