{
    "lgan_mmd-CD": 0.0034534668084234,
    "lgan_cov-CD": 0.5042613744735718,
    "lgan_mmd_smp-CD": 0.00436766492202878,
    "lgan_mmd-EMD": 0.01951339840888977,
    "lgan_cov-EMD": 0.5326704382896423,
    "lgan_mmd_smp-EMD": 0.02259831130504608,
    "1-NN-CD-acc_t": 0.7428977489471436,
    "1-NN-CD-acc_f": 0.5610795617103577,
    "1-NN-CD-acc": 0.6519886255264282,
    "1-NN-EMD-acc_t": 0.6917613744735718,
    "1-NN-EMD-acc_f": 0.4857954680919647,
    "1-NN-EMD-acc": 0.5887784361839294,
    "CD-mean": 0.007638174574822187,
    "EMD-mean": 0.050725892186164856,
    "JSD": 0.012335999198578307
}