{
    "lgan_mmd-CD": 0.0034049591049551964,
    "lgan_cov-CD": 0.5056818127632141,
    "lgan_mmd_smp-CD": 0.004488559439778328,
    "lgan_mmd-EMD": 0.01886226236820221,
    "lgan_cov-EMD": 0.5866477489471436,
    "lgan_mmd_smp-EMD": 0.02244262583553791,
    "1-NN-CD-acc_t": 0.7926136255264282,
    "1-NN-CD-acc_f": 0.5909090638160706,
    "1-NN-CD-acc": 0.6917613744735718,
    "1-NN-EMD-acc_t": 0.7059659361839294,
    "1-NN-EMD-acc_f": 0.453125,
    "1-NN-EMD-acc": 0.5795454382896423,
    "CD-mean": 0.007347715087234974,
    "EMD-mean": 0.04841138422489166,
    "JSD": 0.012802340062501472
}