{
    "lgan_mmd-CD": 0.0034926487132906914,
    "lgan_cov-CD": 0.23579545319080353,
    "lgan_mmd_smp-CD": 0.0056109302677214146,
    "lgan_mmd-EMD": 0.019739994779229164,
    "lgan_cov-EMD": 0.2443181872367859,
    "lgan_mmd_smp-EMD": 0.03083786368370056,
    "1-NN-CD-acc_t": 0.9985795617103577,
    "1-NN-CD-acc_f": 0.9389204382896423,
    "1-NN-CD-acc": 0.96875,
    "1-NN-EMD-acc_t": 0.9730113744735718,
    "1-NN-EMD-acc_f": 0.8494318127632141,
    "1-NN-EMD-acc": 0.9112215638160706,
    "CD-mean": 0.009643983095884323,
    "EMD-mean": 0.06736400723457336,
    "JSD": 0.13043119834247108
}