{
    "lgan_mmd-CD": 0.0024978541769087315,
    "lgan_cov-CD": 0.5396039485931396,
    "lgan_mmd_smp-CD": 0.0031653072219341993,
    "lgan_mmd-EMD": 0.01992608606815338,
    "lgan_cov-EMD": 0.5507425665855408,
    "lgan_mmd_smp-EMD": 0.022500406950712204,
    "1-NN-CD-acc_t": 0.7722772359848022,
    "1-NN-CD-acc_f": 0.5693069100379944,
    "1-NN-CD-acc": 0.6707921028137207,
    "1-NN-EMD-acc_t": 0.6423267126083374,
    "1-NN-EMD-acc_f": 0.5173267126083374,
    "1-NN-EMD-acc": 0.5798267126083374,
    "CD-mean": 0.008517436683177948,
    "EMD-mean": 0.05594350025057793,
    "JSD": 0.013174411970609867
}