{
    "lgan_mmd-CD": 0.005880049895495176,
    "lgan_cov-CD": 0.18892045319080353,
    "lgan_mmd_smp-CD": 0.005423818714916706,
    "lgan_mmd-EMD": 0.03927316889166832,
    "lgan_cov-EMD": 0.08664772659540176,
    "lgan_mmd_smp-EMD": 0.03515424206852913,
    "1-NN-CD-acc_t": 0.9857954382896423,
    "1-NN-CD-acc_f": 0.9190340638160706,
    "1-NN-CD-acc": 0.9524147510528564,
    "1-NN-EMD-acc_t": 0.9801136255264282,
    "1-NN-EMD-acc_f": 0.9573863744735718,
    "1-NN-EMD-acc": 0.96875,
    "CD-mean": 0.01279317494481802,
    "EMD-mean": 0.09615064412355423,
    "JSD": 0.11868250696927696
}