{
    "lgan_mmd-CD": 0.003807796398177743,
    "lgan_cov-CD": 0.4644886255264282,
    "lgan_mmd_smp-CD": 0.004507029429078102,
    "lgan_mmd-EMD": 0.020169198513031006,
    "lgan_cov-EMD": 0.46875,
    "lgan_mmd_smp-EMD": 0.023968257009983063,
    "1-NN-CD-acc_t": 0.8181818127632141,
    "1-NN-CD-acc_f": 0.6889204382896423,
    "1-NN-CD-acc": 0.7535511255264282,
    "1-NN-EMD-acc_t": 0.7528409361839294,
    "1-NN-EMD-acc_f": 0.5951704382896423,
    "1-NN-EMD-acc": 0.6740056872367859,
    "CD-mean": 0.007340927608311176,
    "EMD-mean": 0.05409618839621544,
    "JSD": 0.008158171222735433
}