{
    "lgan_mmd-CD": 0.0036713778972625732,
    "lgan_cov-CD": 0.46590909361839294,
    "lgan_mmd_smp-CD": 0.004399904049932957,
    "lgan_mmd-EMD": 0.020839804783463478,
    "lgan_cov-EMD": 0.4943181872367859,
    "lgan_mmd_smp-EMD": 0.022726628929376602,
    "1-NN-CD-acc_t": 0.7144886255264282,
    "1-NN-CD-acc_f": 0.6690340638160706,
    "1-NN-CD-acc": 0.6917613744735718,
    "1-NN-EMD-acc_t": 0.65625,
    "1-NN-EMD-acc_f": 0.515625,
    "1-NN-EMD-acc": 0.5859375,
    "CD-mean": 0.007663229014724493,
    "EMD-mean": 0.05484272167086601,
    "JSD": 0.008259316080110324
}