{
    "lgan_mmd-CD": 0.003254174953326583,
    "lgan_cov-CD": 0.53125,
    "lgan_mmd_smp-CD": 0.004341117572039366,
    "lgan_mmd-EMD": 0.018541943281888962,
    "lgan_cov-EMD": 0.5553977489471436,
    "lgan_mmd_smp-EMD": 0.022427961230278015,
    "1-NN-CD-acc_t": 0.8380681872367859,
    "1-NN-CD-acc_f": 0.5085227489471436,
    "1-NN-CD-acc": 0.6732954382896423,
    "1-NN-EMD-acc_t": 0.75,
    "1-NN-EMD-acc_f": 0.44034090638160706,
    "1-NN-EMD-acc": 0.5951704382896423,
    "CD-mean": 0.007208358030766249,
    "EMD-mean": 0.048406437039375305,
    "JSD": 0.013763953398495232
}