{
    "lgan_mmd-CD": 0.018636493012309074,
    "lgan_cov-CD": 0.038352273404598236,
    "lgan_mmd_smp-CD": 0.03752303496003151,
    "lgan_mmd-EMD": 0.11429724097251892,
    "lgan_cov-EMD": 0.007102272938936949,
    "lgan_mmd_smp-EMD": 0.2972712218761444,
    "1-NN-CD-acc_t": 1.0,
    "1-NN-CD-acc_f": 0.9957386255264282,
    "1-NN-CD-acc": 0.9978693127632141,
    "1-NN-EMD-acc_t": 1.0,
    "1-NN-EMD-acc_f": 0.9985795617103577,
    "1-NN-EMD-acc": 0.9992897510528564,
    "CD-mean": 0.07712637633085251,
    "EMD-mean": 0.32411816716194153,
    "JSD": 0.7947973906174717
}