{
    "lgan_mmd-CD": 0.0034058906603604555,
    "lgan_cov-CD": 0.421875,
    "lgan_mmd_smp-CD": 0.004737545736134052,
    "lgan_mmd-EMD": 0.021575674414634705,
    "lgan_cov-EMD": 0.46022728085517883,
    "lgan_mmd_smp-EMD": 0.023504680022597313,
    "1-NN-CD-acc_t": 0.7528409361839294,
    "1-NN-CD-acc_f": 0.6704545617103577,
    "1-NN-CD-acc": 0.7116477489471436,
    "1-NN-EMD-acc_t": 0.6761363744735718,
    "1-NN-EMD-acc_f": 0.5866477489471436,
    "1-NN-EMD-acc": 0.6313920617103577,
    "CD-mean": 0.010982805863022804,
    "EMD-mean": 0.0682636946439743,
    "JSD": 0.023245437822023263
}