{
    "lgan_mmd-CD": 0.003457985818386078,
    "lgan_cov-CD": 0.3536931872367859,
    "lgan_mmd_smp-CD": 0.0049957698211073875,
    "lgan_mmd-EMD": 0.018506288528442383,
    "lgan_cov-EMD": 0.4261363744735718,
    "lgan_mmd_smp-EMD": 0.024144602939486504,
    "1-NN-CD-acc_t": 0.9815340638160706,
    "1-NN-CD-acc_f": 0.8039772510528564,
    "1-NN-CD-acc": 0.8927556872367859,
    "1-NN-EMD-acc_t": 0.8579545617103577,
    "1-NN-EMD-acc_f": 0.625,
    "1-NN-EMD-acc": 0.7414772510528564,
    "CD-mean": 0.009772955439984798,
    "EMD-mean": 0.06206710264086723,
    "JSD": 0.04344245755697962
}