{
    "lgan_mmd-CD": 0.010570432990789413,
    "lgan_cov-CD": 0.044034089893102646,
    "lgan_mmd_smp-CD": 0.012598437257111073,
    "lgan_mmd-EMD": 0.0931117981672287,
    "lgan_cov-EMD": 0.014204545877873898,
    "lgan_mmd_smp-EMD": 0.1142030730843544,
    "1-NN-CD-acc_t": 1.0,
    "1-NN-CD-acc_f": 0.9914772510528564,
    "1-NN-CD-acc": 0.9957386255264282,
    "1-NN-EMD-acc_t": 1.0,
    "1-NN-EMD-acc_f": 0.9971590638160706,
    "1-NN-EMD-acc": 0.9985795617103577,
    "CD-mean": 0.03545694053173065,
    "EMD-mean": 0.20132647454738617,
    "JSD": 0.5134449326273085
}