{
    "lgan_mmd-CD": 0.003441950073465705,
    "lgan_cov-CD": 0.40625,
    "lgan_mmd_smp-CD": 0.004771052394062281,
    "lgan_mmd-EMD": 0.022389449179172516,
    "lgan_cov-EMD": 0.42471590638160706,
    "lgan_mmd_smp-EMD": 0.023833179846405983,
    "1-NN-CD-acc_t": 0.8025568127632141,
    "1-NN-CD-acc_f": 0.6846590638160706,
    "1-NN-CD-acc": 0.7436079382896423,
    "1-NN-EMD-acc_t": 0.7002840638160706,
    "1-NN-EMD-acc_f": 0.6164772510528564,
    "1-NN-EMD-acc": 0.6583806872367859,
    "CD-mean": 0.011451881378889084,
    "EMD-mean": 0.07043647021055222,
    "JSD": 0.028316768735280107
}