{
    "lgan_mmd-CD": 0.0034653441980481148,
    "lgan_cov-CD": 0.4701704680919647,
    "lgan_mmd_smp-CD": 0.004755605943500996,
    "lgan_mmd-EMD": 0.019515929743647575,
    "lgan_cov-EMD": 0.5269886255264282,
    "lgan_mmd_smp-EMD": 0.023243296891450882,
    "1-NN-CD-acc_t": 0.8806818127632141,
    "1-NN-CD-acc_f": 0.6846590638160706,
    "1-NN-CD-acc": 0.7826704382896423,
    "1-NN-EMD-acc_t": 0.7471590638160706,
    "1-NN-EMD-acc_f": 0.5596590638160706,
    "1-NN-EMD-acc": 0.6534090638160706,
    "CD-mean": 0.009786042384803295,
    "EMD-mean": 0.061125949025154114,
    "JSD": 0.01269908612515458
}