{
    "lgan_mmd-CD": 0.004539217334240675,
    "lgan_cov-CD": 0.10085227340459824,
    "lgan_mmd_smp-CD": 0.008123832754790783,
    "lgan_mmd-EMD": 0.03836551681160927,
    "lgan_cov-EMD": 0.07670454680919647,
    "lgan_mmd_smp-EMD": 0.05323660746216774,
    "1-NN-CD-acc_t": 1.0,
    "1-NN-CD-acc_f": 0.9786931872367859,
    "1-NN-CD-acc": 0.9893465638160706,
    "1-NN-EMD-acc_t": 0.9985795617103577,
    "1-NN-EMD-acc_f": 0.9815340638160706,
    "1-NN-EMD-acc": 0.9900568127632141,
    "CD-mean": 0.017788507044315338,
    "EMD-mean": 0.11357681453227997,
    "JSD": 0.30818666970138864
}