{
    "lgan_mmd-CD": 0.003410202218219638,
    "lgan_cov-CD": 0.4005681872367859,
    "lgan_mmd_smp-CD": 0.004718318581581116,
    "lgan_mmd-EMD": 0.0225228238850832,
    "lgan_cov-EMD": 0.4261363744735718,
    "lgan_mmd_smp-EMD": 0.023837387561798096,
    "1-NN-CD-acc_t": 0.8068181872367859,
    "1-NN-CD-acc_f": 0.6917613744735718,
    "1-NN-CD-acc": 0.7492897510528564,
    "1-NN-EMD-acc_t": 0.7372159361839294,
    "1-NN-EMD-acc_f": 0.65625,
    "1-NN-EMD-acc": 0.6967329382896423,
    "CD-mean": 0.011765108443796635,
    "EMD-mean": 0.07111504673957825,
    "JSD": 0.026781481253387085
}