{
    "lgan_mmd-CD": 0.0033995024859905243,
    "lgan_cov-CD": 0.46590909361839294,
    "lgan_mmd_smp-CD": 0.00468599796295166,
    "lgan_mmd-EMD": 0.02062189392745495,
    "lgan_cov-EMD": 0.47159090638160706,
    "lgan_mmd_smp-EMD": 0.023289350792765617,
    "1-NN-CD-acc_t": 0.7954545617103577,
    "1-NN-CD-acc_f": 0.6377840638160706,
    "1-NN-CD-acc": 0.7166193127632141,
    "1-NN-EMD-acc_t": 0.6775568127632141,
    "1-NN-EMD-acc_f": 0.5724431872367859,
    "1-NN-EMD-acc": 0.625,
    "CD-mean": 0.010206509381532669,
    "EMD-mean": 0.06375511735677719,
    "JSD": 0.015755546206420945
}