{
    "lgan_mmd-CD": 0.003484328743070364,
    "lgan_cov-CD": 0.2286931872367859,
    "lgan_mmd_smp-CD": 0.006024699192494154,
    "lgan_mmd-EMD": 0.020135024562478065,
    "lgan_cov-EMD": 0.25710228085517883,
    "lgan_mmd_smp-EMD": 0.029695963487029076,
    "1-NN-CD-acc_t": 1.0,
    "1-NN-CD-acc_f": 0.9318181872367859,
    "1-NN-CD-acc": 0.9659090638160706,
    "1-NN-EMD-acc_t": 0.9602272510528564,
    "1-NN-EMD-acc_f": 0.8338068127632141,
    "1-NN-EMD-acc": 0.8970170617103577,
    "CD-mean": 0.011221234686672688,
    "EMD-mean": 0.07304150611162186,
    "JSD": 0.12854409649576226
}