{
    "lgan_mmd-CD": 0.014756202697753906,
    "lgan_cov-CD": 0.07920791953802109,
    "lgan_mmd_smp-CD": 0.020345348864793777,
    "lgan_mmd-EMD": 0.06436652690172195,
    "lgan_cov-EMD": 0.0037128713447600603,
    "lgan_mmd_smp-EMD": 0.18663977086544037,
    "1-NN-CD-acc_t": 1.0,
    "1-NN-CD-acc_f": 0.9987623691558838,
    "1-NN-CD-acc": 0.9993811845779419,
    "1-NN-EMD-acc_t": 1.0,
    "1-NN-EMD-acc_f": 1.0,
    "1-NN-EMD-acc": 1.0,
    "CD-mean": 0.04797419160604477,
    "EMD-mean": 0.20303024351596832,
    "JSD": 0.6962966484115611
}