{
    "lgan_mmd-CD": 0.0025934111326932907,
    "lgan_cov-CD": 0.4096534550189972,
    "lgan_mmd_smp-CD": 0.00349704222753644,
    "lgan_mmd-EMD": 0.022835979238152504,
    "lgan_cov-EMD": 0.46905940771102905,
    "lgan_mmd_smp-EMD": 0.024110425263643265,
    "1-NN-CD-acc_t": 0.7722772359848022,
    "1-NN-CD-acc_f": 0.6930692791938782,
    "1-NN-CD-acc": 0.7326732873916626,
    "1-NN-EMD-acc_t": 0.6299505233764648,
    "1-NN-EMD-acc_f": 0.6410890817642212,
    "1-NN-EMD-acc": 0.635519802570343,
    "CD-mean": 0.021570414304733276,
    "EMD-mean": 0.0993746742606163,
    "JSD": 0.038769481261347494
}