{
    "lgan_mmd-CD": 0.002774291904643178,
    "lgan_cov-CD": 0.3378712832927704,
    "lgan_mmd_smp-CD": 0.004102457780390978,
    "lgan_mmd-EMD": 0.02321314997971058,
    "lgan_cov-EMD": 0.33415842056274414,
    "lgan_mmd_smp-EMD": 0.027899399399757385,
    "1-NN-CD-acc_t": 0.9938119053840637,
    "1-NN-CD-acc_f": 0.7450494766235352,
    "1-NN-CD-acc": 0.8694307208061218,
    "1-NN-EMD-acc_t": 0.9232673048973083,
    "1-NN-EMD-acc_f": 0.7574257254600525,
    "1-NN-EMD-acc": 0.8403465151786804,
    "CD-mean": 0.016231486573815346,
    "EMD-mean": 0.09418453276157379,
    "JSD": 0.10739650790018374
}