{
    "lgan_mmd-CD": 0.0037555573508143425,
    "lgan_cov-CD": 0.2586633563041687,
    "lgan_mmd_smp-CD": 0.006122786086052656,
    "lgan_mmd-EMD": 0.030416423454880714,
    "lgan_cov-EMD": 0.04826732724905014,
    "lgan_mmd_smp-EMD": 0.07594767957925797,
    "1-NN-CD-acc_t": 1.0,
    "1-NN-CD-acc_f": 0.9319307208061218,
    "1-NN-CD-acc": 0.9659653306007385,
    "1-NN-EMD-acc_t": 1.0,
    "1-NN-EMD-acc_f": 0.9950494766235352,
    "1-NN-EMD-acc": 0.9975247383117676,
    "CD-mean": 0.013320701196789742,
    "EMD-mean": 0.11585398018360138,
    "JSD": 0.2129570066738964
}