{
    "lgan_mmd-CD": 0.0027039246633648872,
    "lgan_cov-CD": 0.3836633563041687,
    "lgan_mmd_smp-CD": 0.003611915512010455,
    "lgan_mmd-EMD": 0.02349012903869152,
    "lgan_cov-EMD": 0.4393564462661743,
    "lgan_mmd_smp-EMD": 0.024573156610131264,
    "1-NN-CD-acc_t": 0.7351484894752502,
    "1-NN-CD-acc_f": 0.7351484894752502,
    "1-NN-CD-acc": 0.7351484894752502,
    "1-NN-EMD-acc_t": 0.6237623691558838,
    "1-NN-EMD-acc_f": 0.6955445408821106,
    "1-NN-EMD-acc": 0.6596534848213196,
    "CD-mean": 0.02303289622068405,
    "EMD-mean": 0.10331742465496063,
    "JSD": 0.04799084019915156
}