{
    "lgan_mmd-CD": 0.002566723618656397,
    "lgan_cov-CD": 0.3923267424106598,
    "lgan_mmd_smp-CD": 0.0036972584202885628,
    "lgan_mmd-EMD": 0.022418702021241188,
    "lgan_cov-EMD": 0.42450493574142456,
    "lgan_mmd_smp-EMD": 0.025653909891843796,
    "1-NN-CD-acc_t": 0.9777227640151978,
    "1-NN-CD-acc_f": 0.7153465151786804,
    "1-NN-CD-acc": 0.8465346693992615,
    "1-NN-EMD-acc_t": 0.8069307208061218,
    "1-NN-EMD-acc_f": 0.7004950642585754,
    "1-NN-EMD-acc": 0.7537128925323486,
    "CD-mean": 0.01812845841050148,
    "EMD-mean": 0.09723182022571564,
    "JSD": 0.06114987338934519
}