{
    "lgan_mmd-CD": 0.002939537400379777,
    "lgan_cov-CD": 0.25,
    "lgan_mmd_smp-CD": 0.00544785289093852,
    "lgan_mmd-EMD": 0.028837081044912338,
    "lgan_cov-EMD": 0.06930693238973618,
    "lgan_mmd_smp-EMD": 0.060088369995355606,
    "1-NN-CD-acc_t": 1.0,
    "1-NN-CD-acc_f": 0.8663366436958313,
    "1-NN-CD-acc": 0.9331682920455933,
    "1-NN-EMD-acc_t": 1.0,
    "1-NN-EMD-acc_f": 0.9740098714828491,
    "1-NN-EMD-acc": 0.9870049357414246,
    "CD-mean": 0.014528399333357811,
    "EMD-mean": 0.11315150558948517,
    "JSD": 0.3034787134753145
}