{
    "lgan_mmd-CD": 0.002665165113285184,
    "lgan_cov-CD": 0.39851483702659607,
    "lgan_mmd_smp-CD": 0.0035415817983448505,
    "lgan_mmd-EMD": 0.02286856807768345,
    "lgan_cov-EMD": 0.46782177686691284,
    "lgan_mmd_smp-EMD": 0.02416333556175232,
    "1-NN-CD-acc_t": 0.6955445408821106,
    "1-NN-CD-acc_f": 0.6955445408821106,
    "1-NN-CD-acc": 0.6955445408821106,
    "1-NN-EMD-acc_t": 0.6089109182357788,
    "1-NN-EMD-acc_f": 0.6311880946159363,
    "1-NN-EMD-acc": 0.6200494766235352,
    "CD-mean": 0.022544795647263527,
    "EMD-mean": 0.10223564505577087,
    "JSD": 0.04459469298711305
}