{
    "lgan_mmd-CD": 0.002468218794092536,
    "lgan_cov-CD": 0.3923267424106598,
    "lgan_mmd_smp-CD": 0.0036243372596800327,
    "lgan_mmd-EMD": 0.02227216400206089,
    "lgan_cov-EMD": 0.4356435537338257,
    "lgan_mmd_smp-EMD": 0.0244977455586195,
    "1-NN-CD-acc_t": 0.8712871074676514,
    "1-NN-CD-acc_f": 0.6905940771102905,
    "1-NN-CD-acc": 0.780940592288971,
    "1-NN-EMD-acc_t": 0.6757425665855408,
    "1-NN-EMD-acc_f": 0.7054455280303955,
    "1-NN-EMD-acc": 0.6905940771102905,
    "CD-mean": 0.020698221400380135,
    "EMD-mean": 0.09747831523418427,
    "JSD": 0.05128328660418546
}