{
    "lgan_mmd-CD": 0.0029439034406095743,
    "lgan_cov-CD": 0.2698019742965698,
    "lgan_mmd_smp-CD": 0.004773901309818029,
    "lgan_mmd-EMD": 0.025336382910609245,
    "lgan_cov-EMD": 0.2586633563041687,
    "lgan_mmd_smp-EMD": 0.03343521058559418,
    "1-NN-CD-acc_t": 0.9987623691558838,
    "1-NN-CD-acc_f": 0.8007425665855408,
    "1-NN-CD-acc": 0.8997524976730347,
    "1-NN-EMD-acc_t": 0.9764851331710815,
    "1-NN-EMD-acc_f": 0.8452970385551453,
    "1-NN-EMD-acc": 0.9108911156654358,
    "CD-mean": 0.014654833823442459,
    "EMD-mean": 0.09724503755569458,
    "JSD": 0.208646399649151
}