{
    "lgan_mmd-CD": 0.006976518779993057,
    "lgan_cov-CD": 0.47228550910949707,
    "lgan_mmd_smp-CD": 0.007087362930178642,
    "lgan_mmd-EMD": 0.036122895777225494,
    "lgan_cov-EMD": 0.49430525302886963,
    "lgan_mmd_smp-EMD": 0.03589630499482155,
    "1-NN-CD-acc_t": 0.7122247815132141,
    "1-NN-CD-acc_f": 0.5975702404975891,
    "1-NN-CD-acc": 0.6548975110054016,
    "1-NN-EMD-acc_t": 0.5990888476371765,
    "1-NN-EMD-acc_f": 0.5922551155090332,
    "1-NN-EMD-acc": 0.5956720113754272,
    "CD-mean": 0.04500972479581833,
    "EMD-mean": 0.1300077885389328,
    "JSD": 0.01290543641131947
}