{
    "lgan_mmd-CD": 0.00744189228862524,
    "lgan_cov-CD": 0.3712984025478363,
    "lgan_mmd_smp-CD": 0.008057224564254284,
    "lgan_mmd-EMD": 0.03564832732081413,
    "lgan_cov-EMD": 0.4335611164569855,
    "lgan_mmd_smp-EMD": 0.03899744525551796,
    "1-NN-CD-acc_t": 0.9650721549987793,
    "1-NN-CD-acc_f": 0.7046317458152771,
    "1-NN-CD-acc": 0.8348519206047058,
    "1-NN-EMD-acc_t": 0.7919514179229736,
    "1-NN-EMD-acc_f": 0.709946870803833,
    "1-NN-EMD-acc": 0.7509491443634033,
    "CD-mean": 0.04043018817901611,
    "EMD-mean": 0.1266346424818039,
    "JSD": 0.024807964121436044
}