{
    "lgan_mmd-CD": 0.007193910889327526,
    "lgan_cov-CD": 0.4525436460971832,
    "lgan_mmd_smp-CD": 0.007324281148612499,
    "lgan_mmd-EMD": 0.03699163347482681,
    "lgan_cov-EMD": 0.4753226935863495,
    "lgan_mmd_smp-EMD": 0.036722686141729355,
    "1-NN-CD-acc_t": 0.6985573172569275,
    "1-NN-CD-acc_f": 0.611237645149231,
    "1-NN-CD-acc": 0.6548975110054016,
    "1-NN-EMD-acc_t": 0.6157934665679932,
    "1-NN-EMD-acc_f": 0.6233865022659302,
    "1-NN-EMD-acc": 0.6195899844169617,
    "CD-mean": 0.04649414122104645,
    "EMD-mean": 0.13344980776309967,
    "JSD": 0.014930079313774769
}