{
    "lgan_mmd-CD": 0.006970928516238928,
    "lgan_cov-CD": 0.4457099437713623,
    "lgan_mmd_smp-CD": 0.007204050663858652,
    "lgan_mmd-EMD": 0.03545564413070679,
    "lgan_cov-EMD": 0.4935459494590759,
    "lgan_mmd_smp-EMD": 0.03629078343510628,
    "1-NN-CD-acc_t": 0.832953691482544,
    "1-NN-CD-acc_f": 0.6119969487190247,
    "1-NN-CD-acc": 0.7224753499031067,
    "1-NN-EMD-acc_t": 0.6628701686859131,
    "1-NN-EMD-acc_f": 0.595292329788208,
    "1-NN-EMD-acc": 0.6290812492370605,
    "CD-mean": 0.04329683259129524,
    "EMD-mean": 0.13021092116832733,
    "JSD": 0.011171272476168781
}