{
    "lgan_mmd-CD": 0.007197270635515451,
    "lgan_cov-CD": 0.4350797235965729,
    "lgan_mmd_smp-CD": 0.007308091502636671,
    "lgan_mmd-EMD": 0.03714936226606369,
    "lgan_cov-EMD": 0.46621108055114746,
    "lgan_mmd_smp-EMD": 0.03676304966211319,
    "1-NN-CD-acc_t": 0.7122247815132141,
    "1-NN-CD-acc_f": 0.6165527701377869,
    "1-NN-CD-acc": 0.6643887758255005,
    "1-NN-EMD-acc_t": 0.626423716545105,
    "1-NN-EMD-acc_f": 0.6195899844169617,
    "1-NN-EMD-acc": 0.6230068206787109,
    "CD-mean": 0.04718487709760666,
    "EMD-mean": 0.1337800920009613,
    "JSD": 0.015042123305718746
}