{
    "lgan_mmd-CD": 0.007024715188890696,
    "lgan_cov-CD": 0.4525436460971832,
    "lgan_mmd_smp-CD": 0.007307019084692001,
    "lgan_mmd-EMD": 0.035973742604255676,
    "lgan_cov-EMD": 0.5132877826690674,
    "lgan_mmd_smp-EMD": 0.0363815575838089,
    "1-NN-CD-acc_t": 0.7486712336540222,
    "1-NN-CD-acc_f": 0.5816249251365662,
    "1-NN-CD-acc": 0.6651480793952942,
    "1-NN-EMD-acc_t": 0.6066818237304688,
    "1-NN-EMD-acc_f": 0.602885365486145,
    "1-NN-EMD-acc": 0.6047835946083069,
    "CD-mean": 0.045296307653188705,
    "EMD-mean": 0.13136716187000275,
    "JSD": 0.010933552754186948
}