{
    "lgan_mmd-CD": 0.008205541409552097,
    "lgan_cov-CD": 0.288534551858902,
    "lgan_mmd_smp-CD": 0.00921268668025732,
    "lgan_mmd-EMD": 0.03867901861667633,
    "lgan_cov-EMD": 0.2877752482891083,
    "lgan_mmd_smp-EMD": 0.04631303995847702,
    "1-NN-CD-acc_t": 0.9977220892906189,
    "1-NN-CD-acc_f": 0.8238420486450195,
    "1-NN-CD-acc": 0.9107820987701416,
    "1-NN-EMD-acc_t": 0.9491267800331116,
    "1-NN-EMD-acc_f": 0.8549734354019165,
    "1-NN-EMD-acc": 0.9020501375198364,
    "CD-mean": 0.038622330874204636,
    "EMD-mean": 0.13122649490833282,
    "JSD": 0.06801130537787081
}