{
    "lgan_mmd-CD": 0.0041226851753890514,
    "lgan_cov-CD": 0.29403409361839294,
    "lgan_mmd_smp-CD": 0.005328849423676729,
    "lgan_mmd-EMD": 0.030534900724887848,
    "lgan_cov-EMD": 0.22727273404598236,
    "lgan_mmd_smp-EMD": 0.02839423343539238,
    "1-NN-CD-acc_t": 0.9332386255264282,
    "1-NN-CD-acc_f": 0.8948863744735718,
    "1-NN-CD-acc": 0.9140625,
    "1-NN-EMD-acc_t": 0.9076704382896423,
    "1-NN-EMD-acc_f": 0.8849431872367859,
    "1-NN-EMD-acc": 0.8963068127632141,
    "CD-mean": 0.0098935067653656,
    "EMD-mean": 0.07801637798547745,
    "JSD": 0.04702462143473518
}