{
    "lgan_mmd-CD": 0.004681056831032038,
    "lgan_cov-CD": 0.16903409361839294,
    "lgan_mmd_smp-CD": 0.005716664716601372,
    "lgan_mmd-EMD": 0.048259321600198746,
    "lgan_cov-EMD": 0.11363636702299118,
    "lgan_mmd_smp-EMD": 0.03376515209674835,
    "1-NN-CD-acc_t": 0.9829545617103577,
    "1-NN-CD-acc_f": 0.9559659361839294,
    "1-NN-CD-acc": 0.9694602489471436,
    "1-NN-EMD-acc_t": 0.9630681872367859,
    "1-NN-EMD-acc_f": 0.9744318127632141,
    "1-NN-EMD-acc": 0.96875,
    "CD-mean": 0.013644343242049217,
    "EMD-mean": 0.11251421272754669,
    "JSD": 0.12973204896257684
}