{
    "lgan_mmd-CD": 0.0036664248909801245,
    "lgan_cov-CD": 0.3480113744735718,
    "lgan_mmd_smp-CD": 0.004920382983982563,
    "lgan_mmd-EMD": 0.023419339209794998,
    "lgan_cov-EMD": 0.36221590638160706,
    "lgan_mmd_smp-EMD": 0.025161905214190483,
    "1-NN-CD-acc_t": 0.84375,
    "1-NN-CD-acc_f": 0.8110795617103577,
    "1-NN-CD-acc": 0.8274147510528564,
    "1-NN-EMD-acc_t": 0.8366477489471436,
    "1-NN-EMD-acc_f": 0.7400568127632141,
    "1-NN-EMD-acc": 0.7883522510528564,
    "CD-mean": 0.00880383513867855,
    "EMD-mean": 0.06343192607164383,
    "JSD": 0.02884357507324964
}