{
    "lgan_mmd-CD": 0.004470218438655138,
    "lgan_cov-CD": 0.2613636255264282,
    "lgan_mmd_smp-CD": 0.005367749836295843,
    "lgan_mmd-EMD": 0.03520868346095085,
    "lgan_cov-EMD": 0.21732954680919647,
    "lgan_mmd_smp-EMD": 0.029819030314683914,
    "1-NN-CD-acc_t": 0.9744318127632141,
    "1-NN-CD-acc_f": 0.9204545617103577,
    "1-NN-CD-acc": 0.9474431872367859,
    "1-NN-EMD-acc_t": 0.9417613744735718,
    "1-NN-EMD-acc_f": 0.8991477489471436,
    "1-NN-EMD-acc": 0.9204545617103577,
    "CD-mean": 0.010753307491540909,
    "EMD-mean": 0.08765757083892822,
    "JSD": 0.05512360702422292
}