{
    "lgan_mmd-CD": 0.0042597209103405476,
    "lgan_cov-CD": 0.25,
    "lgan_mmd_smp-CD": 0.005541682709008455,
    "lgan_mmd-EMD": 0.038947686553001404,
    "lgan_cov-EMD": 0.17613635957241058,
    "lgan_mmd_smp-EMD": 0.03090735524892807,
    "1-NN-CD-acc_t": 0.9943181872367859,
    "1-NN-CD-acc_f": 0.9346590638160706,
    "1-NN-CD-acc": 0.9644886255264282,
    "1-NN-EMD-acc_t": 0.9545454382896423,
    "1-NN-EMD-acc_f": 0.9588068127632141,
    "1-NN-EMD-acc": 0.9566761255264282,
    "CD-mean": 0.010057893581688404,
    "EMD-mean": 0.09904380142688751,
    "JSD": 0.07616467262994142
}