{
    "lgan_mmd-CD": 0.0034549026750028133,
    "lgan_cov-CD": 0.43465909361839294,
    "lgan_mmd_smp-CD": 0.004431023728102446,
    "lgan_mmd-EMD": 0.020317239686846733,
    "lgan_cov-EMD": 0.4957386255264282,
    "lgan_mmd_smp-EMD": 0.02312295325100422,
    "1-NN-CD-acc_t": 0.7769886255264282,
    "1-NN-CD-acc_f": 0.6818181872367859,
    "1-NN-CD-acc": 0.7294034361839294,
    "1-NN-EMD-acc_t": 0.7002840638160706,
    "1-NN-EMD-acc_f": 0.5639204382896423,
    "1-NN-EMD-acc": 0.6321022510528564,
    "CD-mean": 0.0077403695322573185,
    "EMD-mean": 0.052836429327726364,
    "JSD": 0.007253014142619918
}