{
    "lgan_mmd-CD": 0.004279583226889372,
    "lgan_cov-CD": 0.25852271914482117,
    "lgan_mmd_smp-CD": 0.005254508927464485,
    "lgan_mmd-EMD": 0.0320335254073143,
    "lgan_cov-EMD": 0.22585226595401764,
    "lgan_mmd_smp-EMD": 0.028493555262684822,
    "1-NN-CD-acc_t": 0.9318181872367859,
    "1-NN-CD-acc_f": 0.8963068127632141,
    "1-NN-CD-acc": 0.9140625,
    "1-NN-EMD-acc_t": 0.9190340638160706,
    "1-NN-EMD-acc_f": 0.8735795617103577,
    "1-NN-EMD-acc": 0.8963068127632141,
    "CD-mean": 0.010410410352051258,
    "EMD-mean": 0.08070944994688034,
    "JSD": 0.049979967533966274
}