{
    "lgan_mmd-CD": 0.004486411809921265,
    "lgan_cov-CD": 0.16903409361839294,
    "lgan_mmd_smp-CD": 0.0058683534152805805,
    "lgan_mmd-EMD": 0.04791602864861488,
    "lgan_cov-EMD": 0.10795454680919647,
    "lgan_mmd_smp-EMD": 0.0350993312895298,
    "1-NN-CD-acc_t": 0.9971590638160706,
    "1-NN-CD-acc_f": 0.9517045617103577,
    "1-NN-CD-acc": 0.9744318127632141,
    "1-NN-EMD-acc_t": 0.9616477489471436,
    "1-NN-EMD-acc_f": 0.9588068127632141,
    "1-NN-EMD-acc": 0.9602272510528564,
    "CD-mean": 0.013438236899673939,
    "EMD-mean": 0.11625191569328308,
    "JSD": 0.14074482606063654
}