{
    "lgan_mmd-CD": 0.031080955639481544,
    "lgan_cov-CD": 0.5284090638160706,
    "lgan_mmd_smp-CD": 0.04554957523941994,
    "lgan_mmd-EMD": 0.2624354958534241,
    "lgan_cov-EMD": 0.5213068127632141,
    "lgan_mmd_smp-EMD": 0.3142535388469696,
    "1-NN-CD-acc_t": 0.8892045617103577,
    "1-NN-CD-acc_f": 0.5482954382896423,
    "1-NN-CD-acc": 0.71875,
    "1-NN-EMD-acc_t": 0.7670454382896423,
    "1-NN-EMD-acc_f": 0.5923295617103577,
    "1-NN-EMD-acc": 0.6796875,
    "CD-mean": 0.08804388344287872,
    "EMD-mean": 1.1417088508605957,
    "JSD": 0.007350133974851403
}