{
    "lgan_mmd-CD": 0.04519989341497421,
    "lgan_cov-CD": 0.18892045319080353,
    "lgan_mmd_smp-CD": 0.07170628756284714,
    "lgan_mmd-EMD": 0.44613730907440186,
    "lgan_cov-EMD": 0.11363636702299118,
    "lgan_mmd_smp-EMD": 0.9160482287406921,
    "1-NN-CD-acc_t": 0.9957386255264282,
    "1-NN-CD-acc_f": 0.9232954382896423,
    "1-NN-CD-acc": 0.9595170617103577,
    "1-NN-EMD-acc_t": 0.9971590638160706,
    "1-NN-EMD-acc_f": 0.984375,
    "1-NN-EMD-acc": 0.9907670617103577,
    "CD-mean": 0.14176851511001587,
    "EMD-mean": 1.3656907081604004,
    "JSD": 0.05349430907139663
}