{
    "lgan_mmd-CD": 0.03212228789925575,
    "lgan_cov-CD": 0.4119318127632141,
    "lgan_mmd_smp-CD": 0.051030147820711136,
    "lgan_mmd-EMD": 0.24303163588047028,
    "lgan_cov-EMD": 0.37215909361839294,
    "lgan_mmd_smp-EMD": 0.4961588680744171,
    "1-NN-CD-acc_t": 0.8636363744735718,
    "1-NN-CD-acc_f": 0.6832386255264282,
    "1-NN-CD-acc": 0.7734375,
    "1-NN-EMD-acc_t": 0.8224431872367859,
    "1-NN-EMD-acc_f": 0.7059659361839294,
    "1-NN-EMD-acc": 0.7642045617103577,
    "CD-mean": 0.09943887591362,
    "EMD-mean": 1.1850224733352661,
    "JSD": 0.008200327330765589
}