{
    "lgan_mmd-CD": 0.034032609313726425,
    "lgan_cov-CD": 0.4900568127632141,
    "lgan_mmd_smp-CD": 0.04553494229912758,
    "lgan_mmd-EMD": 0.27226999402046204,
    "lgan_cov-EMD": 0.5,
    "lgan_mmd_smp-EMD": 0.3233635127544403,
    "1-NN-CD-acc_t": 0.7059659361839294,
    "1-NN-CD-acc_f": 0.6178977489471436,
    "1-NN-CD-acc": 0.6619318127632141,
    "1-NN-EMD-acc_t": 0.6008522510528564,
    "1-NN-EMD-acc_f": 0.5525568127632141,
    "1-NN-EMD-acc": 0.5767045617103577,
    "CD-mean": 0.09982006996870041,
    "EMD-mean": 1.3157973289489746,
    "JSD": 0.006845361548217355
}