{
    "lgan_mmd-CD": 0.846483588218689,
    "lgan_cov-CD": 0.026575550436973572,
    "lgan_mmd_smp-CD": 0.7463833093643188,
    "lgan_mmd-EMD": 2.3128843307495117,
    "lgan_cov-EMD": 0.12452543526887894,
    "lgan_mmd_smp-EMD": 1.7921724319458008,
    "1-NN-CD-acc_t": 1.0,
    "1-NN-CD-acc_f": 0.9992406964302063,
    "1-NN-CD-acc": 0.9996203780174255,
    "1-NN-EMD-acc_t": 0.9992406964302063,
    "1-NN-EMD-acc_f": 0.9992406964302063,
    "1-NN-EMD-acc": 0.9992406964302063,
    "CD-mean": 1.384088397026062,
    "EMD-mean": 4.9415435791015625,
    "JSD": 0.15804373540373007
}