{
    "lgan_mmd-CD": 0.06929770857095718,
    "lgan_cov-CD": 0.5398633480072021,
    "lgan_mmd_smp-CD": 0.07492777705192566,
    "lgan_mmd-EMD": 0.49455949664115906,
    "lgan_cov-EMD": 0.5474563241004944,
    "lgan_mmd_smp-EMD": 0.5000813007354736,
    "1-NN-CD-acc_t": 0.5990888476371765,
    "1-NN-CD-acc_f": 0.4343204200267792,
    "1-NN-CD-acc": 0.5167046189308167,
    "1-NN-EMD-acc_t": 0.5337889194488525,
    "1-NN-EMD-acc_f": 0.5315110087394714,
    "1-NN-EMD-acc": 0.5326499342918396,
    "CD-mean": 0.21262435615062714,
    "EMD-mean": 1.4256702661514282,
    "JSD": 0.005780782516387362
}