{
    "lgan_mmd-CD": 0.07049020379781723,
    "lgan_cov-CD": 0.46621108055114746,
    "lgan_mmd_smp-CD": 0.0790959894657135,
    "lgan_mmd-EMD": 0.5204008221626282,
    "lgan_cov-EMD": 0.4396355450153351,
    "lgan_mmd_smp-EMD": 0.5394390225410461,
    "1-NN-CD-acc_t": 0.950645387172699,
    "1-NN-CD-acc_f": 0.5368261337280273,
    "1-NN-CD-acc": 0.7437357902526855,
    "1-NN-EMD-acc_t": 0.851176917552948,
    "1-NN-EMD-acc_f": 0.678815484046936,
    "1-NN-EMD-acc": 0.7649962306022644,
    "CD-mean": 0.216083362698555,
    "EMD-mean": 1.4555546045303345,
    "JSD": 0.013890973408100749
}