{
    "lgan_mmd-CD": 0.3572198152542114,
    "lgan_cov-CD": 0.08200455456972122,
    "lgan_mmd_smp-CD": 0.4031223654747009,
    "lgan_mmd-EMD": 1.3451738357543945,
    "lgan_cov-EMD": 0.08352316170930862,
    "lgan_mmd_smp-EMD": 1.7925643920898438,
    "1-NN-CD-acc_t": 1.0,
    "1-NN-CD-acc_f": 0.9954441785812378,
    "1-NN-CD-acc": 0.9977220892906189,
    "1-NN-EMD-acc_t": 1.0,
    "1-NN-EMD-acc_f": 0.9969627857208252,
    "1-NN-EMD-acc": 0.9984813928604126,
    "CD-mean": 1.2167620658874512,
    "EMD-mean": 3.277869939804077,
    "JSD": 0.33744183586599164
}