{
    "lgan_mmd-CD": 0.06854835152626038,
    "lgan_cov-CD": 0.553530752658844,
    "lgan_mmd_smp-CD": 0.07461713254451752,
    "lgan_mmd-EMD": 0.4983082115650177,
    "lgan_cov-EMD": 0.5406226515769958,
    "lgan_mmd_smp-EMD": 0.49201756715774536,
    "1-NN-CD-acc_t": 0.5808656215667725,
    "1-NN-CD-acc_f": 0.4426727294921875,
    "1-NN-CD-acc": 0.51176917552948,
    "1-NN-EMD-acc_t": 0.5186029076576233,
    "1-NN-EMD-acc_f": 0.519362211227417,
    "1-NN-EMD-acc": 0.5189825296401978,
    "CD-mean": 0.20849204063415527,
    "EMD-mean": 1.3911656141281128,
    "JSD": 0.006054411368172197
}