{
    "lgan_mmd-CD": 0.06678387522697449,
    "lgan_cov-CD": 0.529992401599884,
    "lgan_mmd_smp-CD": 0.07331506162881851,
    "lgan_mmd-EMD": 0.4979880750179291,
    "lgan_cov-EMD": 0.5292330980300903,
    "lgan_mmd_smp-EMD": 0.49283093214035034,
    "1-NN-CD-acc_t": 0.7820804715156555,
    "1-NN-CD-acc_f": 0.4160971939563751,
    "1-NN-CD-acc": 0.5990888476371765,
    "1-NN-EMD-acc_t": 0.6507213115692139,
    "1-NN-EMD-acc_f": 0.5125284790992737,
    "1-NN-EMD-acc": 0.5816249251365662,
    "CD-mean": 0.1990589052438736,
    "EMD-mean": 1.4108152389526367,
    "JSD": 0.00870613791149566
}