{
    "lgan_mmd-CD": 0.12642444670200348,
    "lgan_cov-CD": 0.15717539191246033,
    "lgan_mmd_smp-CD": 0.22532571852207184,
    "lgan_mmd-EMD": 0.815588116645813,
    "lgan_cov-EMD": 0.11845102161169052,
    "lgan_mmd_smp-EMD": 1.2947875261306763,
    "1-NN-CD-acc_t": 1.0,
    "1-NN-CD-acc_f": 0.9825360774993896,
    "1-NN-CD-acc": 0.9912680387496948,
    "1-NN-EMD-acc_t": 0.9992406964302063,
    "1-NN-EMD-acc_f": 0.9901290535926819,
    "1-NN-EMD-acc": 0.9946848750114441,
    "CD-mean": 0.5587809681892395,
    "EMD-mean": 2.3137028217315674,
    "JSD": 0.15319950619662848
}