{
    "lgan_mmd-CD": 0.07009708881378174,
    "lgan_cov-CD": 0.5330296158790588,
    "lgan_mmd_smp-CD": 0.07563875615596771,
    "lgan_mmd-EMD": 0.4992278218269348,
    "lgan_cov-EMD": 0.5368261337280273,
    "lgan_mmd_smp-EMD": 0.5023036599159241,
    "1-NN-CD-acc_t": 0.5755504965782166,
    "1-NN-CD-acc_f": 0.46697038412094116,
    "1-NN-CD-acc": 0.5212604403495789,
    "1-NN-EMD-acc_t": 0.5383447408676147,
    "1-NN-EMD-acc_f": 0.537585437297821,
    "1-NN-EMD-acc": 0.5379650592803955,
    "CD-mean": 0.21288257837295532,
    "EMD-mean": 1.431493878364563,
    "JSD": 0.006795796008937316
}