{
    "lgan_mmd-CD": 0.06581633538007736,
    "lgan_cov-CD": 0.5520121455192566,
    "lgan_mmd_smp-CD": 0.07349110394716263,
    "lgan_mmd-EMD": 0.48205581307411194,
    "lgan_cov-EMD": 0.5482156276702881,
    "lgan_mmd_smp-EMD": 0.4934390187263489,
    "1-NN-CD-acc_t": 0.6347759962081909,
    "1-NN-CD-acc_f": 0.4054669737815857,
    "1-NN-CD-acc": 0.5201215147972107,
    "1-NN-EMD-acc_t": 0.571753978729248,
    "1-NN-EMD-acc_f": 0.4920273423194885,
    "1-NN-EMD-acc": 0.5318906903266907,
    "CD-mean": 0.20248666405677795,
    "EMD-mean": 1.3802968263626099,
    "JSD": 0.006583972665428206
}