{
    "lgan_mmd-CD": 0.08891274034976959,
    "lgan_cov-CD": 0.31359151005744934,
    "lgan_mmd_smp-CD": 0.10951638221740723,
    "lgan_mmd-EMD": 0.6130620241165161,
    "lgan_cov-EMD": 0.2589218020439148,
    "lgan_mmd_smp-EMD": 0.7501977682113647,
    "1-NN-CD-acc_t": 0.9992406964302063,
    "1-NN-CD-acc_f": 0.8283978700637817,
    "1-NN-CD-acc": 0.9138193130493164,
    "1-NN-EMD-acc_t": 0.9848139882087708,
    "1-NN-EMD-acc_f": 0.9195140600204468,
    "1-NN-EMD-acc": 0.9521639943122864,
    "CD-mean": 0.2961161732673645,
    "EMD-mean": 1.6709407567977905,
    "JSD": 0.04183170158647975
}