{
    "lgan_mmd-CD": 0.07471291720867157,
    "lgan_cov-CD": 0.3490099012851715,
    "lgan_mmd_smp-CD": 0.06704726815223694,
    "lgan_mmd-EMD": 0.6039603352546692,
    "lgan_cov-EMD": 0.41584157943725586,
    "lgan_mmd_smp-EMD": 0.5791734457015991,
    "1-NN-CD-acc_t": 0.9504950642585754,
    "1-NN-CD-acc_f": 0.8304455280303955,
    "1-NN-CD-acc": 0.8904703259468079,
    "1-NN-EMD-acc_t": 0.8205445408821106,
    "1-NN-EMD-acc_f": 0.8452970385551453,
    "1-NN-EMD-acc": 0.8329207897186279,
    "CD-mean": 0.3049374222755432,
    "EMD-mean": 2.2329554557800293,
    "JSD": 0.09083797311896902
}