{
    "lgan_mmd-CD": 0.06529752165079117,
    "lgan_cov-CD": 0.37871286273002625,
    "lgan_mmd_smp-CD": 0.06355072557926178,
    "lgan_mmd-EMD": 0.5427672863006592,
    "lgan_cov-EMD": 0.42450493574142456,
    "lgan_mmd_smp-EMD": 0.561597466468811,
    "1-NN-CD-acc_t": 0.9009901285171509,
    "1-NN-CD-acc_f": 0.7896039485931396,
    "1-NN-CD-acc": 0.8452970385551453,
    "1-NN-EMD-acc_t": 0.7896039485931396,
    "1-NN-EMD-acc_f": 0.7970296740531921,
    "1-NN-EMD-acc": 0.7933168411254883,
    "CD-mean": 0.28419771790504456,
    "EMD-mean": 2.2234206199645996,
    "JSD": 0.06248328273283832
}