{
    "lgan_mmd-CD": 0.1140817403793335,
    "lgan_cov-CD": 0.2685643434524536,
    "lgan_mmd_smp-CD": 0.07905521243810654,
    "lgan_mmd-EMD": 0.9857442378997803,
    "lgan_cov-EMD": 0.2512376308441162,
    "lgan_mmd_smp-EMD": 0.7377447485923767,
    "1-NN-CD-acc_t": 0.9801980257034302,
    "1-NN-CD-acc_f": 0.8910890817642212,
    "1-NN-CD-acc": 0.9356435537338257,
    "1-NN-EMD-acc_t": 0.9207921028137207,
    "1-NN-EMD-acc_f": 0.9319307208061218,
    "1-NN-EMD-acc": 0.9263613820075989,
    "CD-mean": 0.40915074944496155,
    "EMD-mean": 2.8599162101745605,
    "JSD": 0.14246254841286543
}