{
    "lgan_mmd-CD": 0.05838312953710556,
    "lgan_cov-CD": 0.38985148072242737,
    "lgan_mmd_smp-CD": 0.06597650051116943,
    "lgan_mmd-EMD": 0.5729589462280273,
    "lgan_cov-EMD": 0.36138615012168884,
    "lgan_mmd_smp-EMD": 0.6510754823684692,
    "1-NN-CD-acc_t": 0.9455445408821106,
    "1-NN-CD-acc_f": 0.8106435537338257,
    "1-NN-CD-acc": 0.8780940771102905,
    "1-NN-EMD-acc_t": 0.9183168411254883,
    "1-NN-EMD-acc_f": 0.8849009871482849,
    "1-NN-EMD-acc": 0.9016088843345642,
    "CD-mean": 0.22468343377113342,
    "EMD-mean": 2.183786630630493,
    "JSD": 0.06637587128600764
}