{
    "lgan_mmd-CD": 0.07660643756389618,
    "lgan_cov-CD": 0.3056930601596832,
    "lgan_mmd_smp-CD": 0.06980165839195251,
    "lgan_mmd-EMD": 0.6242822408676147,
    "lgan_cov-EMD": 0.3725247383117676,
    "lgan_mmd_smp-EMD": 0.5928161144256592,
    "1-NN-CD-acc_t": 0.9603960514068604,
    "1-NN-CD-acc_f": 0.8415841460227966,
    "1-NN-CD-acc": 0.9009901285171509,
    "1-NN-EMD-acc_t": 0.8131188154220581,
    "1-NN-EMD-acc_f": 0.8576732873916626,
    "1-NN-EMD-acc": 0.8353960514068604,
    "CD-mean": 0.30385494232177734,
    "EMD-mean": 2.3948371410369873,
    "JSD": 0.10742245288551011
}