{
    "lgan_mmd-CD": 1.208638072013855,
    "lgan_cov-CD": 0.007102272938936949,
    "lgan_mmd_smp-CD": 0.9343326091766357,
    "lgan_mmd-EMD": 2.518566370010376,
    "lgan_cov-EMD": 0.04119318351149559,
    "lgan_mmd_smp-EMD": 2.4718732833862305,
    "1-NN-CD-acc_t": 1.0,
    "1-NN-CD-acc_f": 0.9985795617103577,
    "1-NN-CD-acc": 0.9992897510528564,
    "1-NN-EMD-acc_t": 1.0,
    "1-NN-EMD-acc_f": 0.9985795617103577,
    "1-NN-EMD-acc": 0.9992897510528564,
    "CD-mean": 1.508359432220459,
    "EMD-mean": 3.5625061988830566,
    "JSD": 0.19240301547420202
}