{
    "lgan_mmd-CD": 0.03347448632121086,
    "lgan_cov-CD": 0.4161931872367859,
    "lgan_mmd_smp-CD": 0.04879387840628624,
    "lgan_mmd-EMD": 0.3108534514904022,
    "lgan_cov-EMD": 0.42897728085517883,
    "lgan_mmd_smp-EMD": 0.33586394786834717,
    "1-NN-CD-acc_t": 0.8551136255264282,
    "1-NN-CD-acc_f": 0.6818181872367859,
    "1-NN-CD-acc": 0.7684659361839294,
    "1-NN-EMD-acc_t": 0.7528409361839294,
    "1-NN-EMD-acc_f": 0.6647727489471436,
    "1-NN-EMD-acc": 0.7088068127632141,
    "CD-mean": 0.20069657266139984,
    "EMD-mean": 1.7931910753250122,
    "JSD": 0.013017938744408042
}