{
    "lgan_mmd-CD": 0.03497721999883652,
    "lgan_cov-CD": 0.3394886255264282,
    "lgan_mmd_smp-CD": 0.052396297454833984,
    "lgan_mmd-EMD": 0.3067997097969055,
    "lgan_cov-EMD": 0.3536931872367859,
    "lgan_mmd_smp-EMD": 0.35379600524902344,
    "1-NN-CD-acc_t": 0.9943181872367859,
    "1-NN-CD-acc_f": 0.8522727489471436,
    "1-NN-CD-acc": 0.9232954382896423,
    "1-NN-EMD-acc_t": 0.9090909361839294,
    "1-NN-EMD-acc_f": 0.7485795617103577,
    "1-NN-EMD-acc": 0.8288352489471436,
    "CD-mean": 0.17065659165382385,
    "EMD-mean": 1.6683249473571777,
    "JSD": 0.014634952205591745
}