{
    "lgan_mmd-CD": 0.04140591248869896,
    "lgan_cov-CD": 0.125,
    "lgan_mmd_smp-CD": 0.1903558373451233,
    "lgan_mmd-EMD": 0.37369397282600403,
    "lgan_cov-EMD": 0.05681818351149559,
    "lgan_mmd_smp-EMD": 1.4379560947418213,
    "1-NN-CD-acc_t": 1.0,
    "1-NN-CD-acc_f": 0.9914772510528564,
    "1-NN-CD-acc": 0.9957386255264282,
    "1-NN-EMD-acc_t": 1.0,
    "1-NN-EMD-acc_f": 0.9886363744735718,
    "1-NN-EMD-acc": 0.9943181872367859,
    "CD-mean": 0.3318963944911957,
    "EMD-mean": 2.093076229095459,
    "JSD": 0.2018222300914001
}