{
    "lgan_mmd-CD": 0.0340694934129715,
    "lgan_cov-CD": 0.39346590638160706,
    "lgan_mmd_smp-CD": 0.04969575256109238,
    "lgan_mmd-EMD": 0.3220842480659485,
    "lgan_cov-EMD": 0.39772728085517883,
    "lgan_mmd_smp-EMD": 0.3447861671447754,
    "1-NN-CD-acc_t": 0.890625,
    "1-NN-CD-acc_f": 0.7230113744735718,
    "1-NN-CD-acc": 0.8068181872367859,
    "1-NN-EMD-acc_t": 0.7599431872367859,
    "1-NN-EMD-acc_f": 0.7258522510528564,
    "1-NN-EMD-acc": 0.7428977489471436,
    "CD-mean": 0.20156370103359222,
    "EMD-mean": 1.7932487726211548,
    "JSD": 0.015017348818293641
}