{
    "lgan_mmd-CD": 0.033798396587371826,
    "lgan_cov-CD": 0.46875,
    "lgan_mmd_smp-CD": 0.0486108660697937,
    "lgan_mmd-EMD": 0.30391404032707214,
    "lgan_cov-EMD": 0.4900568127632141,
    "lgan_mmd_smp-EMD": 0.32529112696647644,
    "1-NN-CD-acc_t": 0.9332386255264282,
    "1-NN-CD-acc_f": 0.6633522510528564,
    "1-NN-CD-acc": 0.7982954382896423,
    "1-NN-EMD-acc_t": 0.7940340638160706,
    "1-NN-EMD-acc_f": 0.6548295617103577,
    "1-NN-EMD-acc": 0.7244318127632141,
    "CD-mean": 0.17783203721046448,
    "EMD-mean": 1.7821062803268433,
    "JSD": 0.009006990557235639
}