{
    "lgan_mmd-CD": 0.034916624426841736,
    "lgan_cov-CD": 0.06818182021379471,
    "lgan_mmd_smp-CD": 0.1626589298248291,
    "lgan_mmd-EMD": 0.32698240876197815,
    "lgan_cov-EMD": 0.0625,
    "lgan_mmd_smp-EMD": 1.1073336601257324,
    "1-NN-CD-acc_t": 1.0,
    "1-NN-CD-acc_f": 0.9872159361839294,
    "1-NN-CD-acc": 0.9936079382896423,
    "1-NN-EMD-acc_t": 0.9957386255264282,
    "1-NN-EMD-acc_f": 0.984375,
    "1-NN-EMD-acc": 0.9900568127632141,
    "CD-mean": 0.427083283662796,
    "EMD-mean": 1.9728608131408691,
    "JSD": 0.18777718694129675
}