{
    "lgan_mmd-CD": 0.03451263904571533,
    "lgan_cov-CD": 0.39346590638160706,
    "lgan_mmd_smp-CD": 0.05356670916080475,
    "lgan_mmd-EMD": 0.32683154940605164,
    "lgan_cov-EMD": 0.4076704680919647,
    "lgan_mmd_smp-EMD": 0.3487609028816223,
    "1-NN-CD-acc_t": 0.8536931872367859,
    "1-NN-CD-acc_f": 0.7372159361839294,
    "1-NN-CD-acc": 0.7954545617103577,
    "1-NN-EMD-acc_t": 0.7400568127632141,
    "1-NN-EMD-acc_f": 0.7272727489471436,
    "1-NN-EMD-acc": 0.7336647510528564,
    "CD-mean": 0.2085055708885193,
    "EMD-mean": 1.8461849689483643,
    "JSD": 0.014372314250033824
}