{
    "lgan_mmd-CD": 0.03340238332748413,
    "lgan_cov-CD": 0.4517045319080353,
    "lgan_mmd_smp-CD": 0.04685453325510025,
    "lgan_mmd-EMD": 0.31050214171409607,
    "lgan_cov-EMD": 0.484375,
    "lgan_mmd_smp-EMD": 0.3210952579975128,
    "1-NN-CD-acc_t": 0.8721590638160706,
    "1-NN-CD-acc_f": 0.640625,
    "1-NN-CD-acc": 0.7563920617103577,
    "1-NN-EMD-acc_t": 0.7443181872367859,
    "1-NN-EMD-acc_f": 0.6548295617103577,
    "1-NN-EMD-acc": 0.6995738744735718,
    "CD-mean": 0.19860711693763733,
    "EMD-mean": 1.8041577339172363,
    "JSD": 0.010181693976198503
}