{
    "lgan_mmd-CD": 0.03455368056893349,
    "lgan_cov-CD": 0.12784090638160706,
    "lgan_mmd_smp-CD": 0.08021923899650574,
    "lgan_mmd-EMD": 0.35715994238853455,
    "lgan_cov-EMD": 0.16051135957241058,
    "lgan_mmd_smp-EMD": 0.5567656755447388,
    "1-NN-CD-acc_t": 1.0,
    "1-NN-CD-acc_f": 0.9644886255264282,
    "1-NN-CD-acc": 0.9822443127632141,
    "1-NN-EMD-acc_t": 0.9914772510528564,
    "1-NN-EMD-acc_f": 0.9431818127632141,
    "1-NN-EMD-acc": 0.9673295617103577,
    "CD-mean": 0.23110875487327576,
    "EMD-mean": 1.7221121788024902,
    "JSD": 0.045223570684639114
}