{
    "lgan_mmd-CD": 0.1265842616558075,
    "lgan_cov-CD": 0.13242574036121368,
    "lgan_mmd_smp-CD": 0.2630701959133148,
    "lgan_mmd-EMD": 0.5725451111793518,
    "lgan_cov-EMD": 0.09158416092395782,
    "lgan_mmd_smp-EMD": 2.284721612930298,
    "1-NN-CD-acc_t": 1.0,
    "1-NN-CD-acc_f": 0.9987623691558838,
    "1-NN-CD-acc": 0.9993811845779419,
    "1-NN-EMD-acc_t": 1.0,
    "1-NN-EMD-acc_f": 0.9987623691558838,
    "1-NN-EMD-acc": 0.9993811845779419,
    "CD-mean": 0.5961470007896423,
    "EMD-mean": 2.7515764236450195,
    "JSD": 0.3639747937711082
}