{
    "lgan_mmd-CD": 0.04441582411527634,
    "lgan_cov-CD": 0.4814356565475464,
    "lgan_mmd_smp-CD": 0.060669638216495514,
    "lgan_mmd-EMD": 0.48552843928337097,
    "lgan_cov-EMD": 0.4467821717262268,
    "lgan_mmd_smp-EMD": 0.5830718278884888,
    "1-NN-CD-acc_t": 0.9331682920455933,
    "1-NN-CD-acc_f": 0.6992574334144592,
    "1-NN-CD-acc": 0.8162128925323486,
    "1-NN-EMD-acc_t": 0.8700494766235352,
    "1-NN-EMD-acc_f": 0.8081682920455933,
    "1-NN-EMD-acc": 0.8391088843345642,
    "CD-mean": 0.18757368624210358,
    "EMD-mean": 1.8456684350967407,
    "JSD": 0.046049053925178995
}