{
    "lgan_mmd-CD": 0.03960157558321953,
    "lgan_cov-CD": 0.3948019742965698,
    "lgan_mmd_smp-CD": 0.062186580151319504,
    "lgan_mmd-EMD": 0.4720275402069092,
    "lgan_cov-EMD": 0.3910891115665436,
    "lgan_mmd_smp-EMD": 0.6247943043708801,
    "1-NN-CD-acc_t": 0.9962871074676514,
    "1-NN-CD-acc_f": 0.6893564462661743,
    "1-NN-CD-acc": 0.8428217768669128,
    "1-NN-EMD-acc_t": 0.948019802570343,
    "1-NN-EMD-acc_f": 0.853960394859314,
    "1-NN-EMD-acc": 0.9009901285171509,
    "CD-mean": 0.18295542895793915,
    "EMD-mean": 1.7876981496810913,
    "JSD": 0.08101940507884287
}