{
    "lgan_mmd-CD": 0.06775939464569092,
    "lgan_cov-CD": 0.06188118830323219,
    "lgan_mmd_smp-CD": 0.49789002537727356,
    "lgan_mmd-EMD": 0.43567386269569397,
    "lgan_cov-EMD": 0.043316829949617386,
    "lgan_mmd_smp-EMD": 2.012995481491089,
    "1-NN-CD-acc_t": 1.0,
    "1-NN-CD-acc_f": 0.9938119053840637,
    "1-NN-CD-acc": 0.9969059228897095,
    "1-NN-EMD-acc_t": 1.0,
    "1-NN-EMD-acc_f": 0.9962871074676514,
    "1-NN-EMD-acc": 0.9981435537338257,
    "CD-mean": 0.9792157411575317,
    "EMD-mean": 2.5961146354675293,
    "JSD": 0.44014992445768186
}