{
    "lgan_mmd-CD": 0.04576968029141426,
    "lgan_cov-CD": 0.45792078971862793,
    "lgan_mmd_smp-CD": 0.060792192816734314,
    "lgan_mmd-EMD": 0.4932735860347748,
    "lgan_cov-EMD": 0.42574256658554077,
    "lgan_mmd_smp-EMD": 0.5884099006652832,
    "1-NN-CD-acc_t": 0.9084158539772034,
    "1-NN-CD-acc_f": 0.7128713130950928,
    "1-NN-CD-acc": 0.8106435537338257,
    "1-NN-EMD-acc_t": 0.8589109182357788,
    "1-NN-EMD-acc_f": 0.8118811845779419,
    "1-NN-EMD-acc": 0.8353960514068604,
    "CD-mean": 0.20676493644714355,
    "EMD-mean": 1.9411388635635376,
    "JSD": 0.044610540897686235
}