{
    "lgan_mmd-CD": 0.03977273777127266,
    "lgan_cov-CD": 0.42450493574142456,
    "lgan_mmd_smp-CD": 0.05700473114848137,
    "lgan_mmd-EMD": 0.45895805954933167,
    "lgan_cov-EMD": 0.4455445408821106,
    "lgan_mmd_smp-EMD": 0.5634497404098511,
    "1-NN-CD-acc_t": 0.969059407711029,
    "1-NN-CD-acc_f": 0.6485148668289185,
    "1-NN-CD-acc": 0.8087871074676514,
    "1-NN-EMD-acc_t": 0.8985148668289185,
    "1-NN-EMD-acc_f": 0.7846534848213196,
    "1-NN-EMD-acc": 0.8415841460227966,
    "CD-mean": 0.19518503546714783,
    "EMD-mean": 1.8335356712341309,
    "JSD": 0.05562643258195976
}