{
    "lgan_mmd-CD": 0.05349244549870491,
    "lgan_cov-CD": 0.17202970385551453,
    "lgan_mmd_smp-CD": 0.1474539041519165,
    "lgan_mmd-EMD": 0.4374488890171051,
    "lgan_cov-EMD": 0.09034653753042221,
    "lgan_mmd_smp-EMD": 1.2695800065994263,
    "1-NN-CD-acc_t": 1.0,
    "1-NN-CD-acc_f": 0.9702970385551453,
    "1-NN-CD-acc": 0.9851484894752502,
    "1-NN-EMD-acc_t": 0.9975247383117676,
    "1-NN-EMD-acc_f": 0.9876237511634827,
    "1-NN-EMD-acc": 0.9925742745399475,
    "CD-mean": 0.3862628638744354,
    "EMD-mean": 2.1984755992889404,
    "JSD": 0.2254092883527914
}