{
    "lgan_mmd-CD": 0.04737082123756409,
    "lgan_cov-CD": 0.4566831588745117,
    "lgan_mmd_smp-CD": 0.061613112688064575,
    "lgan_mmd-EMD": 0.5005230903625488,
    "lgan_cov-EMD": 0.44183167815208435,
    "lgan_mmd_smp-EMD": 0.5814148783683777,
    "1-NN-CD-acc_t": 0.9108911156654358,
    "1-NN-CD-acc_f": 0.7487623691558838,
    "1-NN-CD-acc": 0.8298267126083374,
    "1-NN-EMD-acc_t": 0.8564356565475464,
    "1-NN-EMD-acc_f": 0.8205445408821106,
    "1-NN-EMD-acc": 0.8384901285171509,
    "CD-mean": 0.21778778731822968,
    "EMD-mean": 2.025408983230591,
    "JSD": 0.04248186546612054
}