{
    "lgan_mmd-CD": 0.041068144142627716,
    "lgan_cov-CD": 0.45173266530036926,
    "lgan_mmd_smp-CD": 0.05859304964542389,
    "lgan_mmd-EMD": 0.47166556119918823,
    "lgan_cov-EMD": 0.4554455578327179,
    "lgan_mmd_smp-EMD": 0.5664068460464478,
    "1-NN-CD-acc_t": 0.9443069100379944,
    "1-NN-CD-acc_f": 0.6745049357414246,
    "1-NN-CD-acc": 0.8094059228897095,
    "1-NN-EMD-acc_t": 0.8688119053840637,
    "1-NN-EMD-acc_f": 0.7834158539772034,
    "1-NN-EMD-acc": 0.8261138796806335,
    "CD-mean": 0.20075348019599915,
    "EMD-mean": 1.975096344947815,
    "JSD": 0.04715210025873873
}