{
    "lgan_mmd-CD": 0.043727606534957886,
    "lgan_cov-CD": 0.25618812441825867,
    "lgan_mmd_smp-CD": 0.07933557778596878,
    "lgan_mmd-EMD": 0.4676244854927063,
    "lgan_cov-EMD": 0.20049504935741425,
    "lgan_mmd_smp-EMD": 0.8259314894676208,
    "1-NN-CD-acc_t": 0.9987623691558838,
    "1-NN-CD-acc_f": 0.8366336822509766,
    "1-NN-CD-acc": 0.9176980257034302,
    "1-NN-EMD-acc_t": 0.9888613820075989,
    "1-NN-EMD-acc_f": 0.9492574334144592,
    "1-NN-EMD-acc": 0.969059407711029,
    "CD-mean": 0.23295502364635468,
    "EMD-mean": 1.9202823638916016,
    "JSD": 0.1467978604002269
}