{
    "lgan_mmd-CD": 0.014510411769151688,
    "lgan_cov-CD": 0.0631188154220581,
    "lgan_mmd_smp-CD": 0.019858861342072487,
    "lgan_mmd-EMD": 0.062099389731884,
    "lgan_cov-EMD": 0.002475247485563159,
    "lgan_mmd_smp-EMD": 0.17899169027805328,
    "1-NN-CD-acc_t": 1.0,
    "1-NN-CD-acc_f": 0.9987623691558838,
    "1-NN-CD-acc": 0.9993811845779419,
    "1-NN-EMD-acc_t": 1.0,
    "1-NN-EMD-acc_f": 1.0,
    "1-NN-EMD-acc": 1.0,
    "CD-mean": 0.04837210848927498,
    "EMD-mean": 0.20254769921302795,
    "JSD": 0.6917043840021755
}