{
    "lgan_mmd-CD": 0.002297652419656515,
    "lgan_cov-CD": 0.5160890817642212,
    "lgan_mmd_smp-CD": 0.003211687784641981,
    "lgan_mmd-EMD": 0.019778486341238022,
    "lgan_cov-EMD": 0.5544554591178894,
    "lgan_mmd_smp-EMD": 0.022437864914536476,
    "1-NN-CD-acc_t": 0.771039605140686,
    "1-NN-CD-acc_f": 0.5495049357414246,
    "1-NN-CD-acc": 0.6602723002433777,
    "1-NN-EMD-acc_t": 0.6472772359848022,
    "1-NN-EMD-acc_f": 0.5358911156654358,
    "1-NN-EMD-acc": 0.5915841460227966,
    "CD-mean": 0.008484014309942722,
    "EMD-mean": 0.05658898875117302,
    "JSD": 0.016157230033721603
}