{
    "lgan_mmd-CD": 0.0022365706972777843,
    "lgan_cov-CD": 0.426980197429657,
    "lgan_mmd_smp-CD": 0.003548871260136366,
    "lgan_mmd-EMD": 0.019720416516065598,
    "lgan_cov-EMD": 0.43440595269203186,
    "lgan_mmd_smp-EMD": 0.02611171454191208,
    "1-NN-CD-acc_t": 0.9888613820075989,
    "1-NN-CD-acc_f": 0.6150990128517151,
    "1-NN-CD-acc": 0.801980197429657,
    "1-NN-EMD-acc_t": 0.8799505233764648,
    "1-NN-EMD-acc_f": 0.6646039485931396,
    "1-NN-EMD-acc": 0.7722772359848022,
    "CD-mean": 0.0078046005219221115,
    "EMD-mean": 0.060249388217926025,
    "JSD": 0.09617168927805864
}