{
    "lgan_mmd-CD": 0.003054596483707428,
    "lgan_cov-CD": 0.2524752616882324,
    "lgan_mmd_smp-CD": 0.005774316843599081,
    "lgan_mmd-EMD": 0.0333765372633934,
    "lgan_cov-EMD": 0.047029703855514526,
    "lgan_mmd_smp-EMD": 0.07080347836017609,
    "1-NN-CD-acc_t": 1.0,
    "1-NN-CD-acc_f": 0.8935643434524536,
    "1-NN-CD-acc": 0.9467821717262268,
    "1-NN-EMD-acc_t": 1.0,
    "1-NN-EMD-acc_f": 0.9913366436958313,
    "1-NN-EMD-acc": 0.9956682920455933,
    "CD-mean": 0.013594942167401314,
    "EMD-mean": 0.11807706952095032,
    "JSD": 0.24526608416633877
}