{
    "lgan_mmd-CD": 0.002368214773014188,
    "lgan_cov-CD": 0.5655940771102905,
    "lgan_mmd_smp-CD": 0.0032138258684426546,
    "lgan_mmd-EMD": 0.01986284740269184,
    "lgan_cov-EMD": 0.5990098714828491,
    "lgan_mmd_smp-EMD": 0.022621050477027893,
    "1-NN-CD-acc_t": 0.7141088843345642,
    "1-NN-CD-acc_f": 0.5445544719696045,
    "1-NN-CD-acc": 0.6293317079544067,
    "1-NN-EMD-acc_t": 0.6200494766235352,
    "1-NN-EMD-acc_f": 0.5024752616882324,
    "1-NN-EMD-acc": 0.5612623691558838,
    "CD-mean": 0.008346748538315296,
    "EMD-mean": 0.05413006618618965,
    "JSD": 0.012256095693905067
}