{
    "lgan_mmd-CD": 0.0022391099482774734,
    "lgan_cov-CD": 0.48514851927757263,
    "lgan_mmd_smp-CD": 0.003309032181277871,
    "lgan_mmd-EMD": 0.019622910767793655,
    "lgan_cov-EMD": 0.5235148668289185,
    "lgan_mmd_smp-EMD": 0.023501574993133545,
    "1-NN-CD-acc_t": 0.9628713130950928,
    "1-NN-CD-acc_f": 0.5754950642585754,
    "1-NN-CD-acc": 0.7691831588745117,
    "1-NN-EMD-acc_t": 0.7673267126083374,
    "1-NN-EMD-acc_f": 0.5680692791938782,
    "1-NN-EMD-acc": 0.6676980257034302,
    "CD-mean": 0.007947426289319992,
    "EMD-mean": 0.05705771967768669,
    "JSD": 0.04486417170944179
}