{
    "lgan_mmd-CD": 0.002309643430635333,
    "lgan_cov-CD": 0.29826733469963074,
    "lgan_mmd_smp-CD": 0.005157751496881247,
    "lgan_mmd-EMD": 0.026621581986546516,
    "lgan_cov-EMD": 0.0977722778916359,
    "lgan_mmd_smp-EMD": 0.05214765667915344,
    "1-NN-CD-acc_t": 1.0,
    "1-NN-CD-acc_f": 0.801980197429657,
    "1-NN-CD-acc": 0.9009901285171509,
    "1-NN-EMD-acc_t": 0.9962871074676514,
    "1-NN-EMD-acc_f": 0.9591584205627441,
    "1-NN-EMD-acc": 0.9777227640151978,
    "CD-mean": 0.009857635013759136,
    "EMD-mean": 0.09773269295692444,
    "JSD": 0.2926222665115574
}