{
    "lgan_mmd-CD": 0.002492089057341218,
    "lgan_cov-CD": 0.5247524976730347,
    "lgan_mmd_smp-CD": 0.003210613736882806,
    "lgan_mmd-EMD": 0.020260248333215714,
    "lgan_cov-EMD": 0.5693069100379944,
    "lgan_mmd_smp-EMD": 0.022656302899122238,
    "1-NN-CD-acc_t": 0.7376237511634827,
    "1-NN-CD-acc_f": 0.5717821717262268,
    "1-NN-CD-acc": 0.6547029614448547,
    "1-NN-EMD-acc_t": 0.6435643434524536,
    "1-NN-EMD-acc_f": 0.5160890817642212,
    "1-NN-EMD-acc": 0.5798267126083374,
    "CD-mean": 0.008549543097615242,
    "EMD-mean": 0.05555955320596695,
    "JSD": 0.01010534593042145
}