{
    "lgan_mmd-CD": 0.0022205282002687454,
    "lgan_cov-CD": 0.5235148668289185,
    "lgan_mmd_smp-CD": 0.0032082395628094673,
    "lgan_mmd-EMD": 0.01933370716869831,
    "lgan_cov-EMD": 0.5643564462661743,
    "lgan_mmd_smp-EMD": 0.02252020873129368,
    "1-NN-CD-acc_t": 0.8663366436958313,
    "1-NN-CD-acc_f": 0.5532178282737732,
    "1-NN-CD-acc": 0.7097772359848022,
    "1-NN-EMD-acc_t": 0.6720296740531921,
    "1-NN-EMD-acc_f": 0.5024752616882324,
    "1-NN-EMD-acc": 0.5872524976730347,
    "CD-mean": 0.007834477350115776,
    "EMD-mean": 0.05436249077320099,
    "JSD": 0.021910244295552772
}