{
    "lgan_mmd-CD": 0.002303700428456068,
    "lgan_cov-CD": 0.36262375116348267,
    "lgan_mmd_smp-CD": 0.00418862234801054,
    "lgan_mmd-EMD": 0.02209850586950779,
    "lgan_cov-EMD": 0.25,
    "lgan_mmd_smp-EMD": 0.03262275829911232,
    "1-NN-CD-acc_t": 1.0,
    "1-NN-CD-acc_f": 0.6831682920455933,
    "1-NN-CD-acc": 0.8415841460227966,
    "1-NN-EMD-acc_t": 0.9492574334144592,
    "1-NN-EMD-acc_f": 0.7945544719696045,
    "1-NN-EMD-acc": 0.8719059228897095,
    "CD-mean": 0.00795031152665615,
    "EMD-mean": 0.07110291719436646,
    "JSD": 0.19175454065029918
}