{
    "lgan_mmd-CD": 0.07070881128311157,
    "lgan_cov-CD": 0.28960394859313965,
    "lgan_mmd_smp-CD": 0.06631658226251602,
    "lgan_mmd-EMD": 0.5930505990982056,
    "lgan_cov-EMD": 0.3564356565475464,
    "lgan_mmd_smp-EMD": 0.610627293586731,
    "1-NN-CD-acc_t": 0.9702970385551453,
    "1-NN-CD-acc_f": 0.7759901285171509,
    "1-NN-CD-acc": 0.8731435537338257,
    "1-NN-EMD-acc_t": 0.9009901285171509,
    "1-NN-EMD-acc_f": 0.8564356565475464,
    "1-NN-EMD-acc": 0.8787128925323486,
    "JSD": 0.12868489848925968
}