{
    "lgan_mmd-CD": 0.05843562260270119,
    "lgan_cov-CD": 0.36138615012168884,
    "lgan_mmd_smp-CD": 0.06379014998674393,
    "lgan_mmd-EMD": 0.579433798789978,
    "lgan_cov-EMD": 0.38985148072242737,
    "lgan_mmd_smp-EMD": 0.6021394729614258,
    "1-NN-CD-acc_t": 0.9702970385551453,
    "1-NN-CD-acc_f": 0.7549505233764648,
    "1-NN-CD-acc": 0.8626237511634827,
    "1-NN-EMD-acc_t": 0.9009901285171509,
    "1-NN-EMD-acc_f": 0.8502475023269653,
    "1-NN-EMD-acc": 0.8756188154220581,
    "JSD": 0.08474617096545245
}