{
    "lgan_mmd-CD": 0.012049226090312004,
    "lgan_cov-CD": 0.08787129074335098,
    "lgan_mmd_smp-CD": 0.010821436531841755,
    "lgan_mmd-EMD": 0.04610458388924599,
    "lgan_cov-EMD": 0.19430692493915558,
    "lgan_mmd_smp-EMD": 0.048380590975284576,
    "1-NN-CD-acc_t": 0.9987623691558838,
    "1-NN-CD-acc_f": 0.9777227640151978,
    "1-NN-CD-acc": 0.9882425665855408,
    "1-NN-EMD-acc_t": 0.9962871074676514,
    "1-NN-EMD-acc_f": 0.9839109182357788,
    "1-NN-EMD-acc": 0.9900990128517151,
    "CD-mean": 0.029832646250724792,
    "EMD-mean": 0.09792660176753998,
    "JSD": 0.37665972713784335
}