{
    "lgan_mmd-CD": 0.011642919853329659,
    "lgan_cov-CD": 0.1076732650399208,
    "lgan_mmd_smp-CD": 0.009583779610693455,
    "lgan_mmd-EMD": 0.042006947100162506,
    "lgan_cov-EMD": 0.26485148072242737,
    "lgan_mmd_smp-EMD": 0.038268376141786575,
    "1-NN-CD-acc_t": 0.9950494766235352,
    "1-NN-CD-acc_f": 0.978960394859314,
    "1-NN-CD-acc": 0.9870049357414246,
    "1-NN-EMD-acc_t": 0.9876237511634827,
    "1-NN-EMD-acc_f": 0.9393564462661743,
    "1-NN-EMD-acc": 0.9634901285171509,
    "CD-mean": 0.02797825075685978,
    "EMD-mean": 0.09140538424253464,
    "JSD": 0.445793712129154
}