{
    "lgan_mmd-CD": 0.0033504306338727474,
    "lgan_cov-CD": 0.5127840638160706,
    "lgan_mmd_smp-CD": 0.0043930294923484325,
    "lgan_mmd-EMD": 0.019452763721346855,
    "lgan_cov-EMD": 0.5639204382896423,
    "lgan_mmd_smp-EMD": 0.022627031430602074,
    "1-NN-CD-acc_t": 0.7528409361839294,
    "1-NN-CD-acc_f": 0.5880681872367859,
    "1-NN-CD-acc": 0.6704545617103577,
    "1-NN-EMD-acc_t": 0.7173295617103577,
    "1-NN-EMD-acc_f": 0.4943181872367859,
    "1-NN-EMD-acc": 0.6058238744735718,
    "CD-mean": 0.0076957275159657,
    "EMD-mean": 0.051777783781290054,
    "JSD": 0.011380557193954033
}