{
    "lgan_mmd-CD": 0.09380871057510376,
    "lgan_cov-CD": 0.43052393198013306,
    "lgan_mmd_smp-CD": 0.08397100120782852,
    "lgan_mmd-EMD": 0.6050580739974976,
    "lgan_cov-EMD": 0.46165528893470764,
    "lgan_mmd_smp-EMD": 0.5283161401748657,
    "1-NN-CD-acc_t": 0.6894457340240479,
    "1-NN-CD-acc_f": 0.6127562522888184,
    "1-NN-CD-acc": 0.6511009931564331,
    "1-NN-EMD-acc_t": 0.5755504965782166,
    "1-NN-EMD-acc_f": 0.644646942615509,
    "1-NN-EMD-acc": 0.6100987195968628,
    "CD-mean": 0.7828922271728516,
    "EMD-mean": 3.5702123641967773,
    "JSD": 0.01588547596775136
}