{
    "lgan_mmd-CD": 0.08564320206642151,
    "lgan_cov-CD": 0.37965071201324463,
    "lgan_mmd_smp-CD": 0.0939587876200676,
    "lgan_mmd-EMD": 0.5728467702865601,
    "lgan_cov-EMD": 0.39255884289741516,
    "lgan_mmd_smp-EMD": 0.5817828178405762,
    "1-NN-CD-acc_t": 0.9772209525108337,
    "1-NN-CD-acc_f": 0.671222448348999,
    "1-NN-CD-acc": 0.8242217302322388,
    "1-NN-EMD-acc_t": 0.8731966614723206,
    "1-NN-EMD-acc_f": 0.7418375015258789,
    "1-NN-EMD-acc": 0.8075171113014221,
    "CD-mean": 0.7466111183166504,
    "EMD-mean": 3.3785481452941895,
    "JSD": 0.035775234598911965
}