{
    "lgan_mmd-CD": 0.09450410306453705,
    "lgan_cov-CD": 0.43128320574760437,
    "lgan_mmd_smp-CD": 0.08520916104316711,
    "lgan_mmd-EMD": 0.6191199421882629,
    "lgan_cov-EMD": 0.45330294966697693,
    "lgan_mmd_smp-EMD": 0.5279554128646851,
    "1-NN-CD-acc_t": 0.6977980136871338,
    "1-NN-CD-acc_f": 0.6302201747894287,
    "1-NN-CD-acc": 0.6640090942382812,
    "1-NN-EMD-acc_t": 0.5937737226486206,
    "1-NN-EMD-acc_f": 0.6461655497550964,
    "1-NN-EMD-acc": 0.6199696063995361,
    "CD-mean": 0.7867960929870605,
    "EMD-mean": 3.5224623680114746,
    "JSD": 0.014928129326660766
}