{
    "lgan_mmd-CD": 0.08313781023025513,
    "lgan_cov-CD": 0.43128320574760437,
    "lgan_mmd_smp-CD": 0.08300832659006119,
    "lgan_mmd-EMD": 0.5654031038284302,
    "lgan_cov-EMD": 0.48823082447052,
    "lgan_mmd_smp-EMD": 0.523799479007721,
    "1-NN-CD-acc_t": 0.8466210961341858,
    "1-NN-CD-acc_f": 0.5671981573104858,
    "1-NN-CD-acc": 0.7069096565246582,
    "1-NN-EMD-acc_t": 0.6780561804771423,
    "1-NN-EMD-acc_f": 0.5808656215667725,
    "1-NN-EMD-acc": 0.629460871219635,
    "CD-mean": 0.7355496287345886,
    "EMD-mean": 3.3927786350250244,
    "JSD": 0.02104551890375994
}