{
    "lgan_mmd-CD": 0.09541215747594833,
    "lgan_cov-CD": 0.42824602127075195,
    "lgan_mmd_smp-CD": 0.08528449386358261,
    "lgan_mmd-EMD": 0.6200587153434753,
    "lgan_cov-EMD": 0.4388762414455414,
    "lgan_mmd_smp-EMD": 0.5346472263336182,
    "1-NN-CD-acc_t": 0.6970387101173401,
    "1-NN-CD-acc_f": 0.6233865022659302,
    "1-NN-CD-acc": 0.6602125763893127,
    "1-NN-EMD-acc_t": 0.6074411273002625,
    "1-NN-EMD-acc_f": 0.6659073829650879,
    "1-NN-EMD-acc": 0.6366742849349976,
    "CD-mean": 0.7954676151275635,
    "EMD-mean": 3.5576717853546143,
    "JSD": 0.014774026276267449
}