{
    "lgan_mmd-CD": 0.08958180993795395,
    "lgan_cov-CD": 0.45330294966697693,
    "lgan_mmd_smp-CD": 0.0842394232749939,
    "lgan_mmd-EMD": 0.5864876508712769,
    "lgan_cov-EMD": 0.45861807465553284,
    "lgan_mmd_smp-EMD": 0.5216694474220276,
    "1-NN-CD-acc_t": 0.7471526265144348,
    "1-NN-CD-acc_f": 0.5869399905204773,
    "1-NN-CD-acc": 0.667046308517456,
    "1-NN-EMD-acc_t": 0.5983295440673828,
    "1-NN-EMD-acc_f": 0.6104783415794373,
    "1-NN-EMD-acc": 0.6044039726257324,
    "CD-mean": 0.7878662943840027,
    "EMD-mean": 3.585085391998291,
    "JSD": 0.020326882388550516
}