{
    "lgan_mmd-CD": 0.1032743901014328,
    "lgan_cov-CD": 0.23082764446735382,
    "lgan_mmd_smp-CD": 0.1349238008260727,
    "lgan_mmd-EMD": 0.6790580749511719,
    "lgan_cov-EMD": 0.21564160287380219,
    "lgan_mmd_smp-EMD": 0.8583623170852661,
    "1-NN-CD-acc_t": 1.0,
    "1-NN-CD-acc_f": 0.8861047625541687,
    "1-NN-CD-acc": 0.9430524110794067,
    "1-NN-EMD-acc_t": 0.9931662678718567,
    "1-NN-EMD-acc_f": 0.9468488693237305,
    "1-NN-EMD-acc": 0.970007598400116,
    "CD-mean": 0.7701290845870972,
    "EMD-mean": 3.209530830383301,
    "JSD": 0.07506352486882761
}